标题,开发商,房子信息,户型,面积,朝向,装修,楼层,建造时间,结构,发布周期,售价/万,单价
慧远美林谷161㎡朝南三房两厅两卫,慧远美林谷 -紫园片区,3室2厅 | 161.91平米 | 南 | 其他 | 低楼层(共6层)  | 板楼,3室2厅 , 161.91平米 , 南 , 其他 , 低楼层(共6层)  ,不详, 板楼,0人关注 / 7天以前发布,535,"33,044元/平"
环惠大厦 满五唯一 二室一厅一卫,环惠大厦 -海甸岛,2室1厅 | 58.6平米 | 西 | 简装 | 高楼层(共23层)  | 塔楼,2室1厅 , 58.6平米 , 西 , 简装 , 高楼层(共23层)  ,不详, 塔楼,2人关注 / 23天以前发布,75,"12,799元/平"
新世界花园三期 视线无遮挡 可看江 三房两厅两卫毛坯,新世界花园 -新埠岛,3室2厅 | 117.95平米 | 西北 | 其他 | 6层  | 塔楼,3室2厅 , 117.95平米 , 西北 , 其他 , 6层  ,不详, 塔楼,0人关注 / 9天以前发布,212,"17,974元/平"
特警支队宿舍 宽敞的3房2厅诚心出售,海口特警支队宿舍 -海甸岛,3室2厅 | 96平米 | 南 北 | 精装 | 中楼层(共9层)  | 暂无数据,3室2厅 , 96平米 , 南 北 , 精装 , 中楼层(共9层)  ,不详, 暂无数据,0人关注 / 8天以前发布,146,"15,209元/平"
白龙蓝水湾旁 海尚明居 精装三房 变四房 有钥匙看房,海尚明居 -白龙,4室2厅 | 130.45平米 | 南 北 | 精装 | 低楼层(共20层)  | 板塔结合,4室2厅 , 130.45平米 , 南 北 , 精装 , 低楼层(共20层)  ,不详, 板塔结合,0人关注 / 17天以前发布,248.5,"19,050元/平"
小高层住宅小区，户型方正，采光好，单价低、满五唯一,展兴高新花园 -秀英,4室2厅 | 143.66平米 | 东南 | 精装 | 中楼层(共22层)  | 板塔结合,4室2厅 , 143.66平米 , 东南 , 精装 , 中楼层(共22层)  ,不详, 板塔结合,0人关注 / 28天以前发布,208,"14,479元/平"
"精装房，采光好，交通便利，配套成熟,标准两房",鲁能·钓鱼台·美高梅 -远大,2室2厅 | 74.69平米 | 南 | 精装 | 20层  | 板塔结合,2室2厅 , 74.69平米 , 南 , 精装 , 20层  ,不详, 板塔结合,0人关注 / 14天以前发布,165,"22,092元/平"
海口湾12年品质小区 海景三房 满五唯一,达嘉豪苑 -海口湾,3室2厅 | 114.17平米 | 东 | 其他 | 高楼层(共17层)  | 板塔结合,3室2厅 , 114.17平米 , 东 , 其他 , 高楼层(共17层)  ,不详, 板塔结合,0人关注 / 17天以前发布,249,"21,810元/平"
正规一房一厅 户型方正  钥匙在手看房方便,水岸听涛 -海甸岛,1室1厅 | 46.1平米 | 南 北 | 其他 | 中楼层(共26层)  | 板楼,1室1厅 , 46.1平米 , 南 北 , 其他 , 中楼层(共26层)  ,不详, 板楼,1人关注 / 16天以前发布,73,"15,836元/平"
龙昆南繁华地段，满五唯一，小两房，生活便利。,宜家广场 -龙昆南,2室2厅 | 70平米 | 南 | 精装 | 30层  | 板塔结合,2室2厅 , 70平米 , 南 , 精装 , 30层  ,不详, 板塔结合,0人关注 / 4天以前发布,106,"15,143元/平"
海甸岛人民大道 银谷苑 东南朝向 采光好 物业管理好,银谷苑 -海甸岛,3室2厅 | 108平米 | 南 | 简装 | 中楼层(共19层)  | 塔楼,3室2厅 , 108平米 , 南 , 简装 , 中楼层(共19层)  ,不详, 塔楼,0人关注 / 8天以前发布,145,"13,426元/平"
物业费低 有大入户花园，视野开阔，户型方正,五源河公寓二期（C区） -远大,3室2厅 | 125.34平米 | 南 西 | 简装 | 27层  | 板塔结合,3室2厅 , 125.34平米 , 南 西 , 简装 , 27层  ,不详, 板塔结合,1人关注 / 2个月以前发布,209,"16,675元/平"
金盘2017年小区，带泳池，通透，满五唯一,金碧·大地豪庭 -金盘,4室2厅 | 166.86平米 | 南 | 精装 | 22层  | 板塔结合,4室2厅 , 166.86平米 , 南 , 精装 , 22层  ,不详, 板塔结合,0人关注 / 4个月以前发布,270,"16,182元/平"
鸿天阁大型小区 精装满五唯一 高楼层 采光视线通风好,鸿天阁北区 -海甸岛,4室2厅 | 149.57平米 | 南 北 | 精装 | 高楼层(共16层)  | 暂无数据,4室2厅 , 149.57平米 , 南 北 , 精装 , 高楼层(共16层)  ,不详, 暂无数据,2人关注 / 1个月以前发布,300,"20,058元/平"
急卖西海岸 紫园4房 随时看房 精装修 好楼层  费用低,紫园 -紫园片区,4室2厅 | 156.25平米 | 南 北 | 精装 | 11层  | 板楼,4室2厅 , 156.25平米 , 南 北 , 精装 , 11层  ,不详, 板楼,5人关注 / 2个月以前发布,420,"26,880元/平"
成熟社区，地段优越，明珠繁华地段，商圈繁华,海口政协民主党派宿舍 -解放西,3室2厅 | 102.8平米 | 南 北 | 简装 | 中楼层(共7层)  | 暂无数据,3室2厅 , 102.8平米 , 南 北 , 简装 , 中楼层(共7层)  ,不详, 暂无数据,56人关注 / 7个月以前发布,112,"10,895元/平"
龙华路、证满五年唯一电梯三房，户型方正昌茂清华园旁,海南省日用杂品公司宿舍 -解放西,3室2厅 | 91.37平米 | 南 北 | 简装 | 中楼层(共9层)  | 暂无数据,3室2厅 , 91.37平米 , 南 北 , 简装 , 中楼层(共9层)  ,不详, 暂无数据,0人关注 / 7天以前发布,120,"13,134元/平"
满五唯一，南北通透格局，楼层好，采光充足，交通便利,驰天钰园 -海甸岛,3室2厅 | 116.2平米 | 南 北 | 简装 | 中楼层(共13层)  | 板楼,3室2厅 , 116.2平米 , 南 北 , 简装 , 中楼层(共13层)  ,不详, 板楼,0人关注 / 7天以前发布,174.3,"15,000元/平"
万达 锦地翰城二期 南北 通透 精 装,锦地翰城 -万达,3室2厅 | 117平米 | 南 北 | 其他 | 高楼层(共24层)  | 塔楼,3室2厅 , 117平米 , 南 北 , 其他 , 高楼层(共24层)  ,不详, 塔楼,2人关注 / 23天以前发布,212,"18,120元/平"
满五唯一，随时看房，诚心出售，家乐福旁大一室一厅。,伟达·雅郡 -海甸岛,1室1厅 | 60.34平米 | 东 | 简装 | 高楼层(共17层)  | 板塔结合,1室1厅 , 60.34平米 , 东 , 简装 , 高楼层(共17层)  ,不详, 板塔结合,2人关注 / 20天以前发布,89.8,"14,883元/平"
海甸岛 次新小区 正规朝南两房,江海郡 -海甸岛,2室2厅 | 73.85平米 | 南 | 简装 | 高楼层(共23层)  | 板塔结合,2室2厅 , 73.85平米 , 南 , 简装 , 高楼层(共23层)  ,不详, 板塔结合,2人关注 / 27天以前发布,148,"20,041元/平"
此房源满五唯一，楼层好，视野宽阔，采光充足,厚土珊瑚湾 -海甸岛,2室2厅 | 78.12平米 | 北 | 简装 | 高楼层(共26层)  | 板塔结合,2室2厅 , 78.12平米 , 北 , 简装 , 高楼层(共26层)  ,不详, 板塔结合,0人关注 / 23天以前发布,141,"18,050元/平"
保利通透满二年精装三房，阳台一览海口湾景色,保利中央海岸 -海口湾,3室2厅 | 108.24平米 | 南 | 其他 | 30层  | 板楼,3室2厅 , 108.24平米 , 南 , 其他 , 30层  ,不详, 板楼,0人关注 / 18天以前发布,280,"25,869元/平"
吾悦商圈 17年小区 南北通透 正规四房 带车位！,昌茂·城邦 -椰海大道,4室2厅 | 136.77平米 | 南 北 | 精装 | 高楼层(共18层)  | 板楼,4室2厅 , 136.77平米 , 南 北 , 精装 , 高楼层(共18层)  ,不详, 板楼,1人关注 / 28天以前发布,268,"19,595元/平"
海甸岛二西路 厚土珊瑚湾 大两房 户型好 交通便利,厚土珊瑚湾 -海甸岛,2室1厅 | 90.97平米 | 南 | 精装 | 低楼层(共26层)  | 板塔结合,2室1厅 , 90.97平米 , 南 , 精装 , 低楼层(共26层)  ,不详, 板塔结合,9人关注 / 3个月以前发布,155,"17,039元/平"
中间楼层 业主诚信出售 闹中取静,港湾花园 -海甸岛,3室2厅 | 112.78平米 | 北 | 精装 | 中楼层(共12层)  | 塔楼,3室2厅 , 112.78平米 , 北 , 精装 , 中楼层(共12层)  ,不详, 塔楼,25人关注 / 9个月以前发布,159,"14,099元/平"
江东新区 雅园3+1户型 满二 高楼层 采光通风好,海南绿地城 -江东,3室2厅 | 98.06平米 | 南 | 简装 | 16层  | 板塔结合,3室2厅 , 98.06平米 , 南 , 简装 , 16层  ,不详, 板塔结合,1人关注 / 2个月以前发布,149,"15,195元/平"
新埠岛，滨海国际南向精装大三房,碧桂园·滨海国际 -新埠岛,3室2厅 | 127.88平米 | 东 南 | 精装 | 18层  | 板塔结合,3室2厅 , 127.88平米 , 东 南 , 精装 , 18层  ,不详, 板塔结合,2人关注 / 3个月以前发布,260,"20,332元/平"
和风江岸，不邻滨江路，满五唯一，东户中高层，带车位,和风江岸 -国兴,3室2厅 | 124.25平米 | 东北 | 毛坯 | 高楼层(共33层)  | 板塔结合,3室2厅 , 124.25平米 , 东北 , 毛坯 , 高楼层(共33层)  ,不详, 板塔结合,1人关注 / 1个月以前发布,288,"23,180元/平"
两题两户，户型方正，正规四房，远大广场，生活方便,海岸赛拉维 -远大,4室2厅 | 144.05平米 | 南 北 | 毛坯 | 19层  | 板塔结合,4室2厅 , 144.05平米 , 南 北 , 毛坯 , 19层  ,不详, 板塔结合,5人关注 / 1个月以前发布,275,"19,091元/平"
标准三房，南向，中高楼层，视野好，采光好。,城投蓝城印象 -紫园片区,3室2厅 | 132.39平米 | 南 北 | 精装 | 27层  | 板塔结合,3室2厅 , 132.39平米 , 南 北 , 精装 , 27层  ,不详, 板塔结合,1人关注 / 9天以前发布,360,"27,193元/平"
永万路天伦誉海湾4房2厅南北通采光通风视墅好 双阳台,天伦誉海湾 -紫园片区,3室2厅 | 120.11平米 | 南 | 精装 | 高楼层(共19层)  | 板楼,3室2厅 , 120.11平米 , 南 , 精装 , 高楼层(共19层)  ,不详, 板楼,1人关注 / 4个月以前发布,270,"22,480元/平"
方正户型，次 新 小 区    交通 方 便,天伦誉海湾 -紫园片区,3室2厅 | 118.98平米 | 北 | 毛坯 | 高楼层(共26层)  | 塔楼,3室2厅 , 118.98平米 , 北 , 毛坯 , 高楼层(共26层)  ,不详, 塔楼,6人关注 / 4个月以前发布,246.8,"20,743元/平"
满五唯一  复式两房   业主诚心出售,盛仕公馆 -海甸岛,2室1厅 | 67.68平米 | 北 | 简装 | 中楼层(共10层)  | 板楼,2室1厅 , 67.68平米 , 北 , 简装 , 中楼层(共10层)  ,不详, 板楼,31人关注 / 6个月以前发布,119,"17,583元/平"
海甸岛二东路 正规三房 户型通透 次新小区 一梯2户,广益大厦 -海甸岛,3室2厅 | 85.4平米 | 南 | 简装 | 低楼层(共12层)  | 塔楼,3室2厅 , 85.4平米 , 南 , 简装 , 低楼层(共12层)  ,不详, 塔楼,9人关注 / 5个月以前发布,126,"14,755元/平"
海韵书香楼层好 朝南向 小区低密度 套内面积大,海韵书香 -海甸岛,1室1厅 | 21.6平米 | 南 | 精装 | 中楼层(共4层)  | 板塔结合,1室1厅 , 21.6平米 , 南 , 精装 , 中楼层(共4层)  ,不详, 板塔结合,0人关注 / 29天以前发布,35.5,"16,436元/平"
西海岸五源河 东汇西海岸免 税城 精装 南北向2+1房,东汇西海岸 -远大,3室2厅 | 103.9平米 | 南 北 | 精装 | 17层  | 板塔结合,3室2厅 , 103.9平米 , 南 北 , 精装 , 17层  ,不详, 板塔结合,0人关注 / 11天以前发布,170,"16,362元/平"
农垦双创广场 南海花园 精装两房 到23年1月22日才过户,南海花园 -海垦,2室2厅 | 59.11平米 | 东 | 精装 | 中楼层(共19层)  | 板楼,2室2厅 , 59.11平米 , 东 , 精装 , 中楼层(共19层)  ,不详, 板楼,0人关注 / 7天以前发布,106,"17,933元/平"
急售！急售！一口价，只卖5天海德公馆3房，产证满二,绿地·海德公馆 -解放西,3室2厅 | 83.73平米 | 南 | 毛坯 | 33层  | 板塔结合,3室2厅 , 83.73平米 , 南 , 毛坯 , 33层  ,不详, 板塔结合,1人关注 / 11天以前发布,195,"23,290元/平"
金山小区 3室2厅 东 北,金山小区 -海垦,3室2厅 | 98.61平米 | 东 北 | 精装 | 高楼层(共9层)  | 板楼,3室2厅 , 98.61平米 , 东 北 , 精装 , 高楼层(共9层)  ,不详, 板楼,0人关注 / 27天以前发布,99,"10,040元/平"
万绿园旁，生生国际旁，生活交通便利满五税费少,大通小区 -海口湾,2室2厅 | 88.74平米 | 南 北 | 简装 | 高楼层(共8层)  | 板楼,2室2厅 , 88.74平米 , 南 北 , 简装 , 高楼层(共8层)  ,不详, 板楼,6人关注 / 21天以前发布,80,"9,016元/平"
世贸文华菜市场旁 濠江花园 精装正规1房1厅 东北朝向,濠江花园 -世贸,1室1厅 | 51.07平米 | 东北 | 其他 | 高楼层(共20层)  | 板塔结合,1室1厅 , 51.07平米 , 东北 , 其他 , 高楼层(共20层)  ,不详, 板塔结合,0人关注 / 9天以前发布,98,"19,190元/平"
此房单位房，实际面积大，生活交通方便，楼层好,省旅游局宿舍 -明珠,4室2厅 | 122.98平米 | 南 北 | 简装 | 中楼层(共8层)  | 暂无数据,4室2厅 , 122.98平米 , 南 北 , 简装 , 中楼层(共8层)  ,不详, 暂无数据,2人关注 / 2个月以前发布,129,"10,490元/平"
海航豪庭南苑 满二 正规3房 通透 高楼层 采光好 精装,海航豪庭·南苑 -国兴,3室2厅 | 133.91平米 | 南 北 | 精装 | 28层  | 板楼,3室2厅 , 133.91平米 , 南 北 , 精装 , 28层  ,不详, 板楼,27人关注 / 7个月以前发布,299,"22,329元/平"
人民公园旁榆海小区里的独立小区 正规三房带产权车位,福美公寓 -明珠,3室2厅 | 132.31平米 | 东南 | 精装 | 中楼层(共11层)  | 板塔结合,3室2厅 , 132.31平米 , 东南 , 精装 , 中楼层(共11层)  ,不详, 板塔结合,0人关注 / 4个月以前发布,215,"16,250元/平"
满二 中楼层 无抵押随时可过户,碧桂园·滨海国际 -新埠岛,3室2厅 | 85.07平米 | 南 | 精装 | 18层  | 板塔结合,3室2厅 , 85.07平米 , 南 , 精装 , 18层  ,不详, 板塔结合,4人关注 / 3个月以前发布,200,"23,511元/平"
江东新区 刚需2房  单价低，琥珀悠澜,琥珀悠澜 -江东,2室1厅 | 72.87平米 | 北 | 简装 | 19层  | 板塔结合,2室1厅 , 72.87平米 , 北 , 简装 , 19层  ,不详, 板塔结合,1人关注 / 7天以前发布,112,"15,370元/平"
曾经你说：要面朝大海，看春暖花开，来看看我吧！,御景湾 -海口湾,5室2厅 | 202平米 | 南 北 | 毛坯 | 高楼层(共30层)  | 板塔结合,5室2厅 , 202平米 , 南 北 , 毛坯 , 高楼层(共30层)  ,不详, 板塔结合,2人关注 / 3个月以前发布,458,"22,674元/平"
海甸岛繁华地段小两居带露台出售,嘉汇广场 -海甸岛,2室1厅 | 54.91平米 | 南 | 简装 | 中楼层(共11层)  | 塔楼,2室1厅 , 54.91平米 , 南 , 简装 , 中楼层(共11层)  ,不详, 塔楼,44人关注 / 5个月以前发布,92,"16,755元/平"
户型方正，精装房，产证满二，视野开阔 采光好,星华海岸城 -远大,3室2厅 | 119.03平米 | 南 | 精装 | 26层  | 板塔结合,3室2厅 , 119.03平米 , 南 , 精装 , 26层  ,不详, 板塔结合,4人关注 / 1个月以前发布,235,"19,743元/平"
带装修诚心想出售 海航豪庭北苑一区,海航豪庭·北苑 -国兴,3室2厅 | 148.54平米 | 东南 | 精装 | 中楼层(共26层)  | 暂无数据,3室2厅 , 148.54平米 , 东南 , 精装 , 中楼层(共26层)  ,不详, 暂无数据,0人关注 / 3个月以前发布,407,"27,401元/平"
大型小区绿化好，带泳池，正规三房2厅2卫，物管好,棕榈泉 -秀英,3室2厅 | 100平米 | 东南 | 简装 | 低楼层(共11层)  | 板塔结合,3室2厅 , 100平米 , 东南 , 简装 , 低楼层(共11层)  ,不详, 板塔结合,45人关注 / 6个月以前发布,163,"16,300元/平"
蓝天路商场旁电梯三房，单价低！生活方便,康业西湖苑 -明珠,3室2厅 | 126.03平米 | 东南 | 简装 | 12层  | 板塔结合,3室2厅 , 126.03平米 , 东南 , 简装 , 12层  ,不详, 板塔结合,16人关注 / 8个月以前发布,135,"10,712元/平"
有温泉的小高层，花园小区环境舒适，配套全生活便利。,白沙门温泉度假村 -海甸岛,1室2厅 | 48.07平米 | 西 | 简装 | 中楼层(共7层)  | 板塔结合,1室2厅 , 48.07平米 , 西 , 简装 , 中楼层(共7层)  ,不详, 板塔结合,1人关注 / 1个月以前发布,68,"14,147元/平"
海甸岛18年小区精装公寓拎包入住正规朝南两房,碧桂园·滨江海岸（三期） -海甸岛,2室1厅 | 64.46平米 | 东南 | 精装 | 中楼层(共25层)  | 塔楼,2室1厅 , 64.46平米 , 东南 , 精装 , 中楼层(共25层)  ,不详, 塔楼,121人关注 / 一年前发布,85,"13,187元/平"
优美市区大盘，环境优美，业主诚心出售,恒大海口文化旅游城 -椰海大道,3室2厅 | 104平米 | 东北 | 精装 | 高楼层(共24层)  | 板塔结合,3室2厅 , 104平米 , 东北 , 精装 , 高楼层(共24层)  ,不详, 板塔结合,46人关注 / 9个月以前发布,102,"9,808元/平"
大型社区，生活方便，一梯两户，南北通透，采光通风好,海南农垦东大院 -海垦,3室2厅 | 127.9平米 | 南 北 | 精装 | 低楼层(共6层)  | 板楼,3室2厅 , 127.9平米 , 南 北 , 精装 , 低楼层(共6层)  ,不详, 板楼,2人关注 / 4个月以前发布,208,"16,263元/平"
大禹小区 小户型精装房屋 适合年轻小伙伴,大禹小区 -白龙,2室1厅 | 54.04平米 | 东南 | 其他 | 高楼层(共18层)  | 塔楼,2室1厅 , 54.04平米 , 东南 , 其他 , 高楼层(共18层)  ,不详, 塔楼,0人关注 / 22天以前发布,75,"13,879元/平"
世贸住宅两房90万 业主诚心出售,中天海景 -世贸,2室1厅 | 63.51平米 | 南 | 精装 | 中楼层(共19层)  | 板塔结合,2室1厅 , 63.51平米 , 南 , 精装 , 中楼层(共19层)  ,不详, 板塔结合,1人关注 / 16天以前发布,90,"14,171元/平"
禧福新城，大三房两厅两卫，业主诚心出售，随时看房,禧福新城 -海垦,3室2厅 | 131.67平米 | 南 | 精装 | 高楼层(共18层)  | 塔楼,3室2厅 , 131.67平米 , 南 , 精装 , 高楼层(共18层)  ,不详, 塔楼,0人关注 / 20天以前发布,198,"15,038元/平"
海甸岛 满五唯一 南北格局三阳台 通风采光好 业主诚心,伊甸家园 -海甸岛,2室2厅 | 90.74平米 | 东南 | 简装 | 中楼层(共16层)  | 板塔结合,2室2厅 , 90.74平米 , 东南 , 简装 , 中楼层(共16层)  ,不详, 板塔结合,0人关注 / 20天以前发布,163,"17,964元/平"
滨江路 滨江帝景二期 精装修 4房2厅2卫,广物滨江帝景Ⅱ期 -滨江,4室2厅 | 143.61平米 | 南 | 精装 | 17层  | 板塔结合,4室2厅 , 143.61平米 , 南 , 精装 , 17层  ,不详, 板塔结合,0人关注 / 26天以前发布,280,"19,498元/平"
滨江电梯花园洋房含产权车位南北通透,佳元天上人间 -滨江,3室2厅 | 96.49平米 | 南 北 | 精装 | 7层  | 板楼,3室2厅 , 96.49平米 , 南 北 , 精装 , 7层  ,不详, 板楼,2人关注 / 25天以前发布,186,"19,277元/平"
海甸岛五东路 水岸兰亭 正规一房一厅 精装修 海景,水岸兰亭 -海甸岛,1室1厅 | 43.58平米 | 南 北 | 精装 | 低楼层(共15层)  | 板塔结合,1室1厅 , 43.58平米 , 南 北 , 精装 , 低楼层(共15层)  ,不详, 板塔结合,0人关注 / 26天以前发布,62,"14,227元/平"
海甸岛精装3房，满五唯一，南北通透,一品水苑 -海甸岛,3室2厅 | 160.97平米 | 南 北 | 精装 | 15层  | 板楼,3室2厅 , 160.97平米 , 南 北 , 精装 , 15层  ,不详, 板楼,2人关注 / 6个月以前发布,248,"15,407元/平"
潮立方 文明东正规四房两卫 生活便利 采光好,展兴颐龙名居 -白龙,4室2厅 | 137.08平米 | 南 北 | 精装 | 低楼层(共19层)  | 板塔结合,4室2厅 , 137.08平米 , 南 北 , 精装 , 低楼层(共19层)  ,不详, 板塔结合,0人关注 / 4个月以前发布,235,"17,144元/平"
朝南大三房，通风好，豪 华装修，东鹏瓷砖，定制门。,五源河公寓A区 -远大,3室2厅 | 127.02平米 | 南 | 精装 | 32层  | 板塔结合,3室2厅 , 127.02平米 , 南 , 精装 , 32层  ,不详, 板塔结合,6人关注 / 10个月以前发布,220,"17,321元/平"
户型好，均价低，采光棒，小区有环境。有泳池在,展兴高新花园 -秀英,4室2厅 | 159.24平米 | 南 北 | 精装 | 高楼层(共11层)  | 板塔结合,4室2厅 , 159.24平米 , 南 北 , 精装 , 高楼层(共11层)  ,不详, 板塔结合,0人关注 / 1个月以前发布,239,"15,009元/平"
海口西海岸，产证满二交易税少 有学x校，买一层享两层,远大购物广场 -远大,2室1厅 | 45.96平米 | 北 | 其他 | 20层  | 板塔结合,2室1厅 , 45.96平米 , 北 , 其他 , 20层  ,不详, 板塔结合,1人关注 / 13天以前发布,79,"17,189元/平"
海悦国际 开间 满五 诚意出售,海悦国际 -海甸岛,1室0厅 | 24平米 | 南 | 其他 | 低楼层(共18层)  | 塔楼,1室0厅 , 24平米 , 南 , 其他 , 低楼层(共18层)  ,不详, 塔楼,0人关注 / 9天以前发布,38,"15,834元/平"
白龙龙景商城旁 仙桥花园 精装四房 户型方正 诚意出售,仙桥花园 -和平南,4室2厅 | 115.34平米 | 南 北 | 精装 | 27层  | 板塔结合,4室2厅 , 115.34平米 , 南 北 , 精装 , 27层  ,不详, 板塔结合,0人关注 / 11天以前发布,215,"18,641元/平"
业主40万精装修，花园洋房，1梯2户，双阳台南北通,海南之心和风花苑 -新埠岛,3室2厅 | 97.99平米 | 南 | 精装 | 6层  | 板楼,3室2厅 , 97.99平米 , 南 , 精装 , 6层  ,不详, 板楼,9人关注 / 1个月以前发布,220,"22,452元/平"
西溪里一期，2016年小区，满五唯一，带车位出售,金隅大成西溪里 -海甸岛,2室2厅 | 87.95平米 | 南 | 精装 | 23层  | 板塔结合,2室2厅 , 87.95平米 , 南 , 精装 , 23层  ,不详, 板塔结合,13人关注 / 7个月以前发布,177,"20,126元/平"
此房满五唯一，双卧朝南，一次卧朝东，中高层采光充足,燕兴城 -海甸岛,3室2厅 | 118.16平米 | 东南 南 | 其他 | 高楼层(共15层)  | 板楼,3室2厅 , 118.16平米 , 东南 南 , 其他 , 高楼层(共15层)  ,不详, 板楼,1人关注 / 2个月以前发布,155,"13,118元/平"
龙昆南精装大两房着急出售，低于市场20万！急、急、急,宝驹花园 -金盘,2室2厅 | 90.07平米 | 南 北 | 简装 | 中楼层(共14层)  | 板塔结合,2室2厅 , 90.07平米 , 南 北 , 简装 , 中楼层(共14层)  ,不详, 板塔结合,1人关注 / 14天以前发布,138,"15,322元/平"
2017年小区 瑞园二期 精装两房 楼层不吵 小区车位充足,瑞园二期 -秀英,2室2厅 | 81.73平米 | 北 | 其他 | 低楼层(共22层)  | 板塔结合,2室2厅 , 81.73平米 , 北 , 其他 , 低楼层(共22层)  ,不详, 板塔结合,1人关注 / 12天以前发布,140,"17,130元/平"
永南苑，满五唯一，总价低，龙昆南小户型！,永南苑 -龙昆南,1室1厅 | 48.97平米 | 南 | 其他 | 高楼层(共13层)  | 板塔结合,1室1厅 , 48.97平米 , 南 , 其他 , 高楼层(共13层)  ,不详, 板塔结合,1人关注 / 6天以前发布,73,"14,908元/平"
电梯房 仅需契税 友谊南海城旁 南向 诚心卖,绿谷康都 -海垦,2室2厅 | 81.7平米 | 南 | 简装 | 中楼层(共15层)  | 板楼,2室2厅 , 81.7平米 , 南 , 简装 , 中楼层(共15层)  ,不详, 板楼,2人关注 / 2个月以前发布,148,"18,116元/平"
亚洲豪苑南区 正规三房 装修好 户型好,亚洲豪苑南区 -金盘,3室2厅 | 112平米 | 南 | 精装 | 10层  | 板塔结合,3室2厅 , 112平米 , 南 , 精装 , 10层  ,不详, 板塔结合,1人关注 / 11天以前发布,189,"16,875元/平"
品质次新小高层小区 高楼层 通风采光好,紫园 -紫园片区,2室1厅 | 92.23平米 | 西北 北 | 其他 | 11层  | 板楼,2室1厅 , 92.23平米 , 西北 北 , 其他 , 11层  ,不详, 板楼,1人关注 / 2个月以前发布,270,"29,275元/平"
水云天大型园林小区，环境优美可看湖景。,水云天 -秀英,3室1厅 | 104.16平米 | 东 北 | 精装 | 低楼层(共18层)  | 塔楼,3室1厅 , 104.16平米 , 东 北 , 精装 , 低楼层(共18层)  ,不详, 塔楼,11人关注 / 2个月以前发布,148,"14,209元/平"
海南海口哈罗 环岛旁边别墅洋房 满五唯一 自带大花园,开维生态城 -江东,2室2厅 | 105.35平米 | 南 | 毛坯 | 低楼层(共6层)  | 暂无数据,2室2厅 , 105.35平米 , 南 , 毛坯 , 低楼层(共6层)  ,不详, 暂无数据,3人关注 / 2个月以前发布,180,"17,086元/平"
吾悦商圈恒大文化旅游城3房2厅精装2梯3户住宅性质,恒大海口文化旅游城 -椰海大道,3室2厅 | 112.52平米 | 南 北 | 精装 | 中楼层(共18层)  | 板塔结合,3室2厅 , 112.52平米 , 南 北 , 精装 , 中楼层(共18层)  ,不详, 板塔结合,5人关注 / 3个月以前发布,185,"16,442元/平"
秀英次新小区 满二 南北通透 业主诚心出售,昌茂·水木清华 -万达,3室2厅 | 92.36平米 | 南 北 | 其他 | 26层  | 板塔结合,3室2厅 , 92.36平米 , 南 北 , 其他 , 26层  ,不详, 板塔结合,3人关注 / 2个月以前发布,178,"19,273元/平"
此房产证满五唯一，板楼户型，通风好采光足。,钰翔花园 -国贸,3室2厅 | 87平米 | 南 北 | 简装 | 中楼层(共7层)  | 板楼,3室2厅 , 87平米 , 南 北 , 简装 , 中楼层(共7层)  ,不详, 板楼,2人关注 / 11天以前发布,130,"14,943元/平"
海口滨海大道幸福里旁精装三房出售,海滨花园 -秀英,3室2厅 | 118.06平米 | 南 北 | 精装 | 8层  | 板塔结合,3室2厅 , 118.06平米 , 南 北 , 精装 , 8层  ,不详, 板塔结合,4人关注 / 3个月以前发布,125,"10,588元/平"
五小附，近精装两房出售！有小区环境,绿源雅都 -滨江,2室2厅 | 69.2平米 | 南 北 | 精装 | 中楼层(共13层)  | 板塔结合,2室2厅 , 69.2平米 , 南 北 , 精装 , 中楼层(共13层)  ,不详, 板塔结合,1人关注 / 1个月以前发布,125,"18,064元/平"
永万路，一梯3户，次新小区，楼层好，视野棒,展兴高新花园 -秀英,3室2厅 | 131.98平米 | 南 北 | 精装 | 中楼层(共23层)  | 板塔结合,3室2厅 , 131.98平米 , 南 北 , 精装 , 中楼层(共23层)  ,不详, 板塔结合,1人关注 / 4个月以前发布,195,"14,775元/平"
海甸岛单位房 近海大南门  2+1户型 户型方正 看房方便,市工商局宿舍 -海甸岛,2室2厅 | 81.9平米 | 南 | 简装 | 中楼层(共10层)  | 塔楼,2室2厅 , 81.9平米 , 南 , 简装 , 中楼层(共10层)  ,不详, 塔楼,38人关注 / 8个月以前发布,90,"10,990元/平"
市二建宿舍 3室1厅 南,市二建宿舍 -明珠,3室1厅 | 81.12平米 | 南 | 精装 | 中楼层(共7层)  | 暂无数据,3室1厅 , 81.12平米 , 南 , 精装 , 中楼层(共7层)  ,不详, 暂无数据,21人关注 / 4个月以前发布,90,"11,095元/平"
满二  国兴品质小区  绿化好  人车分流   高品质装修,海航豪庭·北苑 -国兴,3室2厅 | 156.84平米 | 南 | 精装 | 低楼层(共24层)  | 板楼,3室2厅 , 156.84平米 , 南 , 精装 , 低楼层(共24层)  ,不详, 板楼,3人关注 / 2个月以前发布,420,"26,779元/平"
出 价可谈中海正规温馨大三房南北通无遮挡精装新新,中海锦城 -椰海大道,3室2厅 | 113.25平米 | 南 北 | 精装 | 26层  | 板楼,3室2厅 , 113.25平米 , 南 北 , 精装 , 26层  ,不详, 板楼,27人关注 / 5个月以前发布,258,"22,782元/平"
翠玉阁的房子 南北通透 一梯两户 采光充足 全屋定制,金山小区 -海垦,3室2厅 | 125.39平米 | 南 北 | 精装 | 高楼层(共16层)  | 板楼,3室2厅 , 125.39平米 , 南 北 , 精装 , 高楼层(共16层)  ,不详, 板楼,0人关注 / 8个月以前发布,185,"14,754元/平"
棕榈泉 大型社区 精装2房 1梯3户 小高层 满五,棕榈泉 -秀英,2室2厅 | 80.47平米 | 北 | 精装 | 中楼层(共7层)  | 板塔结合,2室2厅 , 80.47平米 , 北 , 精装 , 中楼层(共7层)  ,不详, 板塔结合,1人关注 / 1个月以前发布,150,"18,641元/平"
电梯房  电梯房，采光明亮，园林小区高绿化,新世界花园 -新埠岛,2室2厅 | 85.22平米 | 东南 | 其他 | 9层  | 板楼,2室2厅 , 85.22平米 , 东南 , 其他 , 9层  ,不详, 板楼,2人关注 / 6个月以前发布,138,"16,194元/平"
龙昆南 汇宇金城 124.88m² 三房两卫 162万 急售,汇宇金城 -龙昆南,3室2厅 | 124.88平米 | 东南 | 其他 | 低楼层(共22层)  | 板楼,3室2厅 , 124.88平米 , 东南 , 其他 , 低楼层(共22层)  ,不详, 板楼,0人关注 / 31天以前发布,156,"12,492元/平"
秀英成熟社区，生活方便，户型方正，园林精致,兰庭雅苑 -秀英,3室2厅 | 114.22平米 | 北 | 简装 | 低楼层(共21层)  | 板塔结合,3室2厅 , 114.22平米 , 北 , 简装 , 低楼层(共21层)  ,不详, 板塔结合,2人关注 / 10个月以前发布,183,"16,022元/平"
置地·御海公馆 1室2厅 南,置地·御海公馆 -远大,1室2厅 | 66.28平米 | 南 | 精装 | 26层  | 板塔结合,1室2厅 , 66.28平米 , 南 , 精装 , 26层  ,不详, 板塔结合,0人关注 / 6天以前发布,119,"17,955元/平"
开阔海景，免 税城，新海港。未入住过，新房出售。满,星华海岸城 -远大,3室2厅 | 119.39平米 | 北 | 精装 | 26层  | 板塔结合,3室2厅 , 119.39平米 , 北 , 精装 , 26层  ,不详, 板塔结合,10人关注 / 1个月以前发布,235,"19,684元/平"
金鼎路 金华苑 3+1房 满五唯一 看房有钥匙,金华苑 -秀英,4室2厅 | 135.7平米 | 东 南 | 简装 | 高楼层(共19层)  | 板塔结合,4室2厅 , 135.7平米 , 东 南 , 简装 , 高楼层(共19层)  ,不详, 板塔结合,2人关注 / 3个月以前发布,154.8,"11,408元/平"
恒大美丽沙天泽湾品质小区客厅朝南小高层户型方正,海口恒大美丽沙 -海甸岛,3室2厅 | 131.36平米 | 南 北 | 简装 | 12层  | 板塔结合,3室2厅 , 131.36平米 , 南 北 , 简装 , 12层  ,不详, 板塔结合,24人关注 / 一年前发布,333.9,"25,419元/平"
碧桂园87平三房，满二，中间楼层，业主诚心出售,碧桂园·中央首府 -椰海大道,3室2厅 | 86.25平米 | 南 | 其他 | 中楼层(共26层)  | 板塔结合,3室2厅 , 86.25平米 , 南 , 其他 , 中楼层(共26层)  ,不详, 板塔结合,1人关注 / 8天以前发布,164,"19,015元/平"
明珠两房，群芳花园，满五产证在手,群芳花园 -明珠,2室2厅 | 87.88平米 | 南 | 简装 | 低楼层(共10层)  | 塔楼,2室2厅 , 87.88平米 , 南 , 简装 , 低楼层(共10层)  ,不详, 塔楼,1人关注 / 5天以前发布,95,"10,811元/平"
国兴片区电梯四房，路段好，总价低，楼层适中,金桃苑 -国兴,4室2厅 | 118平米 | 南 北 | 简装 | 中楼层(共20层)  | 板塔结合,4室2厅 , 118平米 , 南 北 , 简装 , 中楼层(共20层)  ,不详, 板塔结合,0人关注 / 4天以前发布,139,"11,780元/平"
佳润小区 4室2厅 南 北,佳润小区 -凤翔,4室2厅 | 140平米 | 南 北 | 其他 | 低楼层(共18层)  | 板塔结合,4室2厅 , 140平米 , 南 北 , 其他 , 低楼层(共18层)  ,不详, 板塔结合,0人关注 / 4天以前发布,158,"11,286元/平"
繁华地段 交通便利 生活方便 采光好适合居家,祥阁深蓝湾 -世贸,3室2厅 | 92.26平米 | 东 东南 | 精装 | 高楼层(共31层)  | 板塔结合,3室2厅 , 92.26平米 , 东 东南 , 精装 , 高楼层(共31层)  ,不详, 板塔结合,24人关注 / 6个月以前发布,145,"15,717元/平"
近市区路段生活交通方便通透大三房出售,省旅游局宿舍 -明珠,3室2厅 | 91.92平米 | 东南 | 简装 | 高楼层(共7层)  | 暂无数据,3室2厅 , 91.92平米 , 东南 , 简装 , 高楼层(共7层)  ,不详, 暂无数据,15人关注 / 一年前发布,95,"10,336元/平"
2017年次新小区，正规三房，两梯四户,景观花园 -凤翔,3室2厅 | 90.8平米 | 东南 | 毛坯 | 21层  | 板塔结合,3室2厅 , 90.8平米 , 东南 , 毛坯 , 21层  ,不详, 板塔结合,0人关注 / 2个月以前发布,150,"16,520元/平"
龙昆南 大型社区 户型方正 采光充足 94平三房 电梯,昌茂花园 -龙昆南,3室1厅 | 94.5平米 | 南 | 精装 | 18层  | 板楼,3室1厅 , 94.5平米 , 南 , 精装 , 18层  ,不详, 板楼,3人关注 / 2个月以前发布,123,"13,016元/平"
业主急售 视野通透 实用面积约100精装复式两房,华林广场 -明珠,2室1厅 | 50.28平米 | 西北 | 精装 | 17层  | 板楼,2室1厅 , 50.28平米 , 西北 , 精装 , 17层  ,不详, 板楼,1人关注 / 1个月以前发布,108,"21,480元/平"
五源河B区 ，精装修，户型好。,五源河公寓B区 -远大,3室2厅 | 127.85平米 | 南 北 | 简装 | 28层  | 板塔结合,3室2厅 , 127.85平米 , 南 北 , 简装 , 28层  ,不详, 板塔结合,5人关注 / 一年前发布,220,"17,208元/平"
国兴大润发滨江路封闭小区盛贤景都南北通透三房满二,盛贤景都 -国兴,3室2厅 | 131.07平米 | 南 北 | 简装 | 中楼层(共31层)  | 塔楼,3室2厅 , 131.07平米 , 南 北 , 简装 , 中楼层(共31层)  ,不详, 塔楼,0人关注 / 20天以前发布,216,"16,480元/平"
滨江新苑A区 91.84平商品房 两房 产证满二,滨江新苑A区 -白龙,2室2厅 | 91.84平米 | 南 | 精装 | 中楼层(共26层)  | 板塔结合,2室2厅 , 91.84平米 , 南 , 精装 , 中楼层(共26层)  ,不详, 板塔结合,0人关注 / 9天以前发布,158,"17,204元/平"
江畔人家正规三房 户型方正 房子无抵押 诚意出售,佳元·江畔人家 -滨江,3室2厅 | 128平米 | 南 北 | 精装 | 12层  | 板楼,3室2厅 , 128平米 , 南 北 , 精装 , 12层  ,不详, 板楼,1人关注 / 1个月以前发布,256,"20,000元/平"
大型社区 单价12000 满五唯一 通风采光好,绿色佳园 -滨江,3室2厅 | 139.49平米 | 北 | 精装 | 6层  | 板楼,3室2厅 , 139.49平米 , 北 , 精装 , 6层  ,不详, 板楼,7人关注 / 3个月以前发布,165,"11,829元/平"
业主诚心卖房 精装修 楼层视野好.,翡翠水城 -滨江,2室2厅 | 91平米 | 南 | 精装 | 32层  | 板塔结合,2室2厅 , 91平米 , 南 , 精装 , 32层  ,不详, 板塔结合,1人关注 / 1个月以前发布,160,"17,583元/平"
府城文庄路，正规三房，满五唯一,琼山工人文化宫宿舍 -府城,3室2厅 | 83.02平米 | 西南 | 简装 | 中楼层(共9层)  | 暂无数据,3室2厅 , 83.02平米 , 西南 , 简装 , 中楼层(共9层)  ,不详, 暂无数据,0人关注 / 1个月以前发布,105,"12,648元/平"
正规3房 得房率高 通风采光很好 小区安静 宜居,海口市城西教师村 -金盘,3室2厅 | 79.82平米 | 东 东南 | 简装 | 低楼层(共6层)  | 板塔结合,3室2厅 , 79.82平米 , 东 东南 , 简装 , 低楼层(共6层)  ,不详, 板塔结合,6人关注 / 7个月以前发布,99,"12,403元/平"
濠江壹号 3室1厅 北,濠江壹号 -海甸岛,3室1厅 | 94.28平米 | 北 | 简装 | 16层  | 板塔结合,3室1厅 , 94.28平米 , 北 , 简装 , 16层  ,不详, 板塔结合,2人关注 / 1个月以前发布,168,"17,820元/平"
衣食住行十分方便，达商圈生活便利，教育丰富,家顺花园 -万达,2室1厅 | 86.18平米 | 南 | 精装 | 17层  | 板楼,2室1厅 , 86.18平米 , 南 , 精装 , 17层  ,不详, 板楼,3人关注 / 1个月以前发布,148,"17,174元/平"
成熟小区精装修  拎包入住  。。。。,绿地缤纷城 -远大,2室2厅 | 50平米 | 北 | 精装 | 低楼层(共15层)  | 板塔结合,2室2厅 , 50平米 , 北 , 精装 , 低楼层(共15层)  ,不详, 板塔结合,7人关注 / 8个月以前发布,75,"15,000元/平"
白龙南文明东路，精装修三房，南北通透，纯板楼。,凤凰白龙新城 -白龙,3室2厅 | 120.6平米 | 南 北 | 精装 | 中楼层(共12层)  | 暂无数据,3室2厅 , 120.6平米 , 南 北 , 精装 , 中楼层(共12层)  ,不详, 暂无数据,3人关注 / 5个月以前发布,215,"17,828元/平"
万达广场  银泉花园 业主精装修 南北通透两房,银泉花园 -万达,2室2厅 | 83.51平米 | 南 北 | 精装 | 高楼层(共29层)  | 板塔结合,2室2厅 , 83.51平米 , 南 北 , 精装 , 高楼层(共29层)  ,不详, 板塔结合,0人关注 / 1个月以前发布,145,"17,364元/平"
小三房 格局好 南海大道 龙昆南 交叉路,汇宇金城 -龙昆南,3室2厅 | 91.97平米 | 南 | 精装 | 低楼层(共20层)  | 板楼,3室2厅 , 91.97平米 , 南 , 精装 , 低楼层(共20层)  ,不详, 板楼,0人关注 / 26天以前发布,135,"14,679元/平"
海口湾泉海好家园精装两房 满五,泉海好家园 -海口湾,2室2厅 | 86.21平米 | 北 | 其他 | 15层  | 板塔结合,2室2厅 , 86.21平米 , 北 , 其他 , 15层  ,不详, 板塔结合,2人关注 / 23天以前发布,150,"17,400元/平"
此房满五唯一朝南格局分明采光通风好税费只有1%的契税,广物滨江帝景1期 -滨江,2室2厅 | 82.81平米 | 南 | 简装 | 低楼层(共18层)  | 板楼,2室2厅 , 82.81平米 , 南 , 简装 , 低楼层(共18层)  ,不详, 板楼,1人关注 / 24天以前发布,156,"18,839元/平"
一线海景 南北通透两房 诚心出售,碧桂园·滨海国际 -新埠岛,2室2厅 | 77.69平米 | 南 北 | 精装 | 18层  | 板塔结合,2室2厅 , 77.69平米 , 南 北 , 精装 , 18层  ,不详, 板塔结合,2人关注 / 19天以前发布,160,"20,595元/平"
朝南两房 中楼层视野开阔 通风好装修房,鲁能·海蓝园筑 -远大,2室2厅 | 80.93平米 | 南 | 精装 | 18层  | 板楼,2室2厅 , 80.93平米 , 南 , 精装 , 18层  ,不详, 板楼,1人关注 / 20天以前发布,150,"18,535元/平"
金盘板房 三房两厅两卫 南北通透 无抵押,海马花园 -金盘,3室2厅 | 98.67平米 | 南 北 | 精装 | 中楼层(共7层)  | 板楼,3室2厅 , 98.67平米 , 南 北 , 精装 , 中楼层(共7层)  ,不详, 板楼,0人关注 / 24天以前发布,153,"15,507元/平"
海甸五东路 小区带温泉泳池 精装三房 海边步行仅50米,夏威夷花苑 -海甸岛,3室2厅 | 125.36平米 | 东南 | 其他 | 中楼层(共17层)  | 板楼,3室2厅 , 125.36平米 , 东南 , 其他 , 中楼层(共17层)  ,不详, 板楼,5人关注 / 4个月以前发布,200,"15,955元/平"
五源河公寓二期 楼栋好 看小区园林 看房有钥匙,五源河公寓二期（D区） -远大,3室2厅 | 125平米 | 南 | 其他 | 23层  | 板塔结合,3室2厅 , 125平米 , 南 , 其他 , 23层  ,不详, 板塔结合,2人关注 / 2个月以前发布,190,"15,200元/平"
美丽沙花园4房毛坯带2个地下车位私家大露台,美丽沙花园 -海甸岛,4室2厅 | 123平米 | 南 北 | 毛坯 | 高楼层(共18层)  | 暂无数据,4室2厅 , 123平米 , 南 北 , 毛坯 , 高楼层(共18层)  ,不详, 暂无数据,18人关注 / 4个月以前发布,228,"18,537元/平"
海甸岛139万3房中间楼层明厨明卫满五唯一看房方便,甸昆教师村 -海甸岛,3室2厅 | 101平米 | 东 南 | 简装 | 中楼层(共17层)  | 塔楼,3室2厅 , 101平米 , 东 南 , 简装 , 中楼层(共17层)  ,不详, 塔楼,6人关注 / 1个月以前发布,139,"13,763元/平"
友谊华庭 1室1厅 南,友谊华庭 -海垦,1室1厅 | 38.8平米 | 南 | 简装 | 中楼层(共17层)  | 塔楼,1室1厅 , 38.8平米 , 南 , 简装 , 中楼层(共17层)  ,不详, 塔楼,0人关注 / 16天以前发布,65,"16,753元/平"
滨海新天地二期正规一房 独立厨房和卫生间 朝南通透,滨海新天地 -远大,1室1厅 | 59.48平米 | 南 | 毛坯 | 中楼层(共22层)  | 暂无数据,1室1厅 , 59.48平米 , 南 , 毛坯 , 中楼层(共22层)  ,不详, 暂无数据,1人关注 / 29天以前发布,97,"16,309元/平"
江东新区绿地城，美兰机场，毛坯3房 业主诚心出售,海南绿地城 -江东,3室2厅 | 106.85平米 | 南 北 | 毛坯 | 7层  | 板楼,3室2厅 , 106.85平米 , 南 北 , 毛坯 , 7层  ,不详, 板楼,94人关注 / 一年前发布,130,"12,167元/平"
国贸繁华地段 南北通透 步梯大三房 低总价,金融花园 -国贸,3室2厅 | 127.93平米 | 南 北 | 简装 | 中楼层(共11层)  | 塔楼,3室2厅 , 127.93平米 , 南 北 , 简装 , 中楼层(共11层)  ,不详, 塔楼,129人关注 / 一年前发布,80,"6,254元/平"
刷卡带走0首辅急售，精装江景一房，收租利器，满二,倚能美林湾 -江东,1室1厅 | 52.42平米 | 西南 | 精装 | 11层  | 板塔结合,1室1厅 , 52.42平米 , 西南 , 精装 , 11层  ,不详, 板塔结合,11人关注 / 8个月以前发布,69,"13,163元/平"
中间楼层，南北通透户型方正。满二税费低,鲁能·钓鱼台·美高梅 -远大,3室2厅 | 92.11平米 | 南 北 | 毛坯 | 20层  | 板塔结合,3室2厅 , 92.11平米 , 南 北 , 毛坯 , 20层  ,不详, 板塔结合,14人关注 / 10个月以前发布,198,"21,497元/平"
西海岸，五源河公寓，价格便宜，大三房。低价出售,五源河公寓A区 -远大,3室2厅 | 127平米 | 南 北 | 其他 | 32层  | 板楼,3室2厅 , 127平米 , 南 北 , 其他 , 32层  ,不详, 板楼,1人关注 / 13天以前发布,210,"16,536元/平"
友谊南海城 业主诚心卖 电梯大三房 南北通 非顶楼,绿谷康都 -海垦,3室2厅 | 109.5平米 | 南 | 精装 | 高楼层(共9层)  | 板楼,3室2厅 , 109.5平米 , 南 , 精装 , 高楼层(共9层)  ,不详, 板楼,23人关注 / 5个月以前发布,182,"16,622元/平"
国兴低价小户型，路段好，出入方便，适合年轻人过度,海晟瑞景 -明珠,1室1厅 | 32.68平米 | 南 | 精装 | 中楼层(共16层)  | 塔楼,1室1厅 , 32.68平米 , 南 , 精装 , 中楼层(共16层)  ,不详, 塔楼,0人关注 / 10天以前发布,50,"15,300元/平"
西城1号 成熟社区 三房两厅 户型方正,西城1号 -秀英,3室1厅 | 111.8平米 | 南 | 其他 | 低楼层(共19层)  | 板楼,3室1厅 , 111.8平米 , 南 , 其他 , 低楼层(共19层)  ,不详, 板楼,5人关注 / 一年前发布,185,"16,548元/平"
世贸成熟片区 交通方便  舒适二房 看房方便  随时可看,祥阁深蓝湾 -世贸,2室2厅 | 87.42平米 | 西南 | 简装 | 中楼层(共21层)  | 板塔结合,2室2厅 , 87.42平米 , 西南 , 简装 , 中楼层(共21层)  ,不详, 板塔结合,10人关注 / 3个月以前发布,125,"14,299元/平"
世贸《祥阁深蓝湾》  满五唯一   高楼层    视野好,祥阁深蓝湾 -世贸,2室2厅 | 92.01平米 | 西北 | 精装 | 中楼层(共31层)  | 板塔结合,2室2厅 , 92.01平米 , 西北 , 精装 , 中楼层(共31层)  ,不详, 板塔结合,0人关注 / 1个月以前发布,142,"15,434元/平"
国贸富豪花园两房，满五唯一，诚意出售,富豪花园 -国贸,2室2厅 | 79.94平米 | 南 北 | 简装 | 中楼层(共22层)  | 塔楼,2室2厅 , 79.94平米 , 南 北 , 简装 , 中楼层(共22层)  ,不详, 塔楼,3人关注 / 1个月以前发布,107,"13,386元/平"
明珠旁的一房 天然气入住 总价低 适合年轻人,民贸大厦 -明珠,1室0厅 | 42.88平米 | 南 | 简装 | 9层  | 板塔结合,1室0厅 , 42.88平米 , 南 , 简装 , 9层  ,不详, 板塔结合,0人关注 / 4天以前发布,45,"10,495元/平"
世贸华宝雅苑全明户型东南朝向两房,华宝雅苑 -世贸,2室1厅 | 82平米 | 东南 | 简装 | 27层  | 板塔结合,2室1厅 , 82平米 , 东南 , 简装 , 27层  ,不详, 板塔结合,22人关注 / 10个月以前发布,137,"16,708元/平"
国兴海府省单位小区 步梯好楼层三房 满五多套,海府路61号之一号 -和平南,3室2厅 | 99.11平米 | 南 北 | 精装 | 低楼层(共9层)  | 暂无数据,3室2厅 , 99.11平米 , 南 北 , 精装 , 低楼层(共9层)  ,不详, 暂无数据,1人关注 / 28天以前发布,145,"14,631元/平"
业主诚心出售，明珠旁电梯3房，看房方便,富骅大厦 -明珠,3室2厅 | 114平米 | 南 | 简装 | 高楼层(共17层)  | 塔楼,3室2厅 , 114平米 , 南 , 简装 , 高楼层(共17层)  ,不详, 塔楼,0人关注 / 20天以前发布,128,"11,229元/平"
海甸岛鹏晖广场家乐福旁 精装一房两厅出售 朝南户型,鹏晖新天地 -海甸岛,1室2厅 | 58.89平米 | 南 | 精装 | 低楼层(共26层)  | 塔楼,1室2厅 , 58.89平米 , 南 , 精装 , 低楼层(共26层)  ,不详, 塔楼,6人关注 / 2个月以前发布,117,"19,868元/平"
急售！国兴片区 精装两房 英才分校旁边 好楼层税少,水滨花园1期 -国兴,2室2厅 | 63.39平米 | 东 | 精装 | 25层  | 板塔结合,2室2厅 , 63.39平米 , 东 , 精装 , 25层  ,不详, 板塔结合,4人关注 / 2个月以前发布,112,"17,669元/平"
一梯两户，南北通透，双阳台，有车位,万利隆花园 -国贸,3室2厅 | 146.31平米 | 西北 | 其他 | 低楼层(共15层)  | 塔楼,3室2厅 , 146.31平米 , 西北 , 其他 , 低楼层(共15层)  ,不详, 塔楼,5人关注 / 8个月以前发布,195,"13,328元/平"
毛坯，采光视野很好，高楼层，满五唯一，诚心出售,广物滨江帝景Ⅱ期 -滨江,3室2厅 | 119.61平米 | 南 | 其他 | 26层  | 板塔结合,3室2厅 , 119.61平米 , 南 , 其他 , 26层  ,不详, 板塔结合,3人关注 / 7个月以前发布,230,"19,230元/平"
西海岸精装两房，朝南，通风采光好。,鲁能·海蓝园筑 -远大,2室2厅 | 81平米 | 南 | 其他 | 18层  | 板楼,2室2厅 , 81平米 , 南 , 其他 , 18层  ,不详, 板楼,0人关注 / 10天以前发布,150,"18,519元/平"
海岛阳光一期 3室2厅 南,海岛阳光一期 -秀英,3室2厅 | 112.83平米 | 南 | 精装 | 7层  | 塔楼,3室2厅 , 112.83平米 , 南 , 精装 , 7层  ,不详, 塔楼,1人关注 / 12天以前发布,135,"11,965元/平"
满五唯一明珠国兴三房好楼层业主诚心出售,宏利大厦 -明珠,3室2厅 | 99.68平米 | 南 北 | 简装 | 低楼层(共12层)  | 暂无数据,3室2厅 , 99.68平米 , 南 北 , 简装 , 低楼层(共12层)  ,不详, 暂无数据,2人关注 / 5个月以前发布,95,"9,531元/平"
府城 2017年小区 三房朝南带俩阳台 泳池加地下停车场,盛世一品 -府城,3室2厅 | 87.49平米 | 南 | 精装 | 中楼层(共17层)  | 板塔结合,3室2厅 , 87.49平米 , 南 , 精装 , 中楼层(共17层)  ,不详, 板塔结合,12人关注 / 5个月以前发布,158,"18,060元/平"
海口湾片区！次新小区！满五年唯一！高层可看海,达嘉豪苑 -海口湾,3室2厅 | 118.23平米 | 西北 | 精装 | 高楼层(共17层)  | 板塔结合,3室2厅 , 118.23平米 , 西北 , 精装 , 高楼层(共17层)  ,不详, 板塔结合,2人关注 / 6个月以前发布,265,"22,414元/平"
西海岸五源河 大华锦绣海岸 满五唯一 低楼层接地气,大华·锦绣海岸 -远大,3室1厅 | 115.43平米 | 南 北 | 精装 | 低楼层(共21层)  | 板塔结合,3室1厅 , 115.43平米 , 南 北 , 精装 , 低楼层(共21层)  ,不详, 板塔结合,37人关注 / 3个月以前发布,185,"16,028元/平"
和平花苑  大四房  空间大 小区环境好 电梯房,和平花苑 -和平南,4室2厅 | 142.67平米 | 南 | 简装 | 低楼层(共17层)  | 暂无数据,4室2厅 , 142.67平米 , 南 , 简装 , 低楼层(共17层)  ,不详, 暂无数据,0人关注 / 13天以前发布,175,"12,267元/平"
出 价可谈，高档小区，通透三房，精装中间楼层,中海锦城 -椰海大道,3室2厅 | 111.12平米 | 南 北 | 精装 | 26层  | 板楼,3室2厅 , 111.12平米 , 南 北 , 精装 , 26层  ,不详, 板楼,4人关注 / 5个月以前发布,255,"22,949元/平"
铂仕苑 四房板楼 次新小区 国兴大道日月广场旁,国瑞城·铂仕苑 -国兴,4室2厅 | 201.22平米 | 南 北 | 精装 | 中楼层(共32层)  | 板楼,4室2厅 , 201.22平米 , 南 北 , 精装 , 中楼层(共32层)  ,不详, 板楼,3人关注 / 4个月以前发布,520,"25,843元/平"
国兴商圈 海航国兴城 三房  南北通透  停车位充足,海航国兴城 -国兴,3室2厅 | 119.42平米 | 南 北 | 精装 | 高楼层(共24层)  | 板楼,3室2厅 , 119.42平米 , 南 北 , 精装 , 高楼层(共24层)  ,不详, 板楼,1人关注 / 10天以前发布,310,"25,959元/平"
凤翔东路 五小旁 正规三房两厅两卫 中高楼层 车位充足,绿源雅都 -滨江,3室2厅 | 97平米 | 南 北 | 其他 | 高楼层(共13层)  | 板塔结合,3室2厅 , 97平米 , 南 北 , 其他 , 高楼层(共13层)  ,不详, 板塔结合,0人关注 / 11天以前发布,158,"16,289元/平"
滨江帝景1期，户型好，朝南高楼层，诚心出售,广物滨江帝景1期 -滨江,3室2厅 | 111.5平米 | 南 | 精装 | 中楼层(共11层)  | 板楼,3室2厅 , 111.5平米 , 南 , 精装 , 中楼层(共11层)  ,不详, 板楼,3人关注 / 12天以前发布,200,"17,938元/平"
满五唯一，精装修，视野宽广朝南户型,滨江绿都 -滨江,2室2厅 | 78.82平米 | 南 北 | 精装 | 28层  | 板塔结合,2室2厅 , 78.82平米 , 南 北 , 精装 , 28层  ,不详, 板塔结合,0人关注 / 5天以前发布,145,"18,397元/平"
次新的大型社区，交通便利，楼层好，采光充足,南海幸福城 -金盘,3室2厅 | 102.15平米 | 南 | 精装 | 28层  | 板塔结合,3室2厅 , 102.15平米 , 南 , 精装 , 28层  ,不详, 板塔结合,1人关注 / 1个月以前发布,198,"19,384元/平"
蓝岛康城 2室1厅 南,蓝岛康城 -海甸岛,2室1厅 | 69平米 | 南 | 精装 | 25层  | 塔楼,2室1厅 , 69平米 , 南 , 精装 , 25层  ,不详, 塔楼,0人关注 / 12天以前发布,110,"15,943元/平"
绿地文化城一期装修四房中楼层 满二有车位 业主急售,绿地文化城 -西海岸南片区,4室2厅 | 150.67平米 | 南 | 精装 | 中楼层(共26层)  | 板塔结合,4室2厅 , 150.67平米 , 南 , 精装 , 中楼层(共26层)  ,不详, 板塔结合,2人关注 / 3个月以前发布,220,"14,602元/平"
16年滨海国际 325万 高品装修  海景大四房 留车位家具,碧桂园·滨海国际 -新埠岛,4室2厅 | 145.46平米 | 南 北 | 精装 | 17层  | 板塔结合,4室2厅 , 145.46平米 , 南 北 , 精装 , 17层  ,不详, 板塔结合,9人关注 / 一年前发布,325,"22,343元/平"
满五多套，中楼层 南北通透采光好 精装 业主诚心出售,庆豪·金碧文华 -世贸,4室2厅 | 143.46平米 | 南 北 | 精装 | 高楼层(共30层)  | 板楼,4室2厅 , 143.46平米 , 南 北 , 精装 , 高楼层(共30层)  ,不详, 板楼,3人关注 / 4个月以前发布,320,"22,306元/平"
急售3房2厅2卫 另有25平方可利用 光线好通风 配套齐全,衍宏·康馨花园 -龙昆南,3室2厅 | 109.85平米 | 南 | 精装 | 22层  | 塔楼,3室2厅 , 109.85平米 , 南 , 精装 , 22层  ,不详, 塔楼,3人关注 / 2个月以前发布,178,"16,204元/平"
西海岸正规三房两卫，户型方正，满二，税费低。,鲁能·海蓝园筑 -远大,3室2厅 | 121平米 | 南 | 其他 | 18层  | 板楼,3室2厅 , 121平米 , 南 , 其他 , 18层  ,不详, 板楼,0人关注 / 15天以前发布,225,"18,596元/平"
正规精装两房户型方正采光好，证在手满五，业主诚心卖,祥和家园 -紫园片区,2室2厅 | 93.31平米 | 南 | 精装 | 18层  | 板楼,2室2厅 , 93.31平米 , 南 , 精装 , 18层  ,不详, 板楼,14人关注 / 5个月以前发布,210,"22,506元/平"
客官快来，这里有公摊小的房子，还满五唯一呢,锦地翰城 -万达,3室2厅 | 88.7平米 | 南 | 精装 | 高楼层(共8层)  | 板楼,3室2厅 , 88.7平米 , 南 , 精装 , 高楼层(共8层)  ,不详, 板楼,22人关注 / 1个月以前发布,130,"14,657元/平"
珍珠裕苑二期 两居室 客厅带阳台 诚意出售,珍珠裕苑二期 -海甸岛,2室2厅 | 71.42平米 | 北 | 精装 | 中楼层(共16层)  | 板楼,2室2厅 , 71.42平米 , 北 , 精装 , 中楼层(共16层)  ,不详, 板楼,16人关注 / 4个月以前发布,132.8,"18,595元/平"
海甸城旁小两房户型方正诚心出售,水岸星城B小区 -海甸岛,2室1厅 | 61.44平米 | 南 | 简装 | 中楼层(共26层)  | 板楼,2室1厅 , 61.44平米 , 南 , 简装 , 中楼层(共26层)  ,不详, 板楼,2人关注 / 12天以前发布,95,"15,463元/平"
西海岸精装三房，花园式小区，户型通透,星华海岸城 -远大,3室2厅 | 118.1平米 | 南 北 | 精装 | 26层  | 板塔结合,3室2厅 , 118.1平米 , 南 北 , 精装 , 26层  ,不详, 板塔结合,4人关注 / 3个月以前发布,230,"19,476元/平"
成熟小区西城一号 您的优质选择,西城1号 -秀英,2室1厅 | 89平米 | 南 | 其他 | 低楼层(共19层)  | 板楼,2室1厅 , 89平米 , 南 , 其他 , 低楼层(共19层)  ,不详, 板楼,9人关注 / 8个月以前发布,140,"15,731元/平"
精装修 两房88万 业主诚意出手,海南省海运总公司海甸小区 -海甸岛,2室1厅 | 63.72平米 | 南 | 其他 | 低楼层(共9层)  | 暂无数据,2室1厅 , 63.72平米 , 南 , 其他 , 低楼层(共9层)  ,不详, 暂无数据,3人关注 / 1个月以前发布,88,"13,811元/平"
蓝岛康城 2室1厅 南,蓝岛康城 -海甸岛,2室1厅 | 69平米 | 南 | 精装 | 25层  | 塔楼,2室1厅 , 69平米 , 南 , 精装 , 25层  ,不详, 塔楼,0人关注 / 12天以前发布,110,"15,943元/平"
客官快来，这里有公摊小的房子，还满五唯一呢,锦地翰城 -万达,3室2厅 | 88.7平米 | 南 | 精装 | 高楼层(共8层)  | 板楼,3室2厅 , 88.7平米 , 南 , 精装 , 高楼层(共8层)  ,不详, 板楼,22人关注 / 1个月以前发布,130,"14,657元/平"
国兴商圈 满五唯一 税低 精装修,盛达景都二期 -国兴,3室2厅 | 151.8平米 | 南 北 | 精装 | 30层  | 板塔结合,3室2厅 , 151.8平米 , 南 北 , 精装 , 30层  ,不详, 板塔结合,3人关注 / 1个月以前发布,320,"21,081元/平"
荣域 4室2厅 南,荣域 -海甸岛,4室2厅 | 159.1平米 | 南 | 精装 | 中楼层(共8层)  | 板楼,4室2厅 , 159.1平米 , 南 , 精装 , 中楼层(共8层)  ,不详, 板楼,0人关注 / 1个月以前发布,335,"21,056元/平"
海甸城商圈 水岸星城B区 大三房带两个卫生间看房方便,水岸星城B小区 -海甸岛,3室2厅 | 110.56平米 | 南 北 | 简装 | 中楼层(共28层)  | 板楼,3室2厅 , 110.56平米 , 南 北 , 简装 , 中楼层(共28层)  ,不详, 板楼,5人关注 / 1个月以前发布,140,"12,663元/平"
精装小三房 满五唯一 看房方便 热门小区 价格可谈,碧桂园·滨海国际 -新埠岛,3室2厅 | 84平米 | 南 | 精装 | 18层  | 板塔结合,3室2厅 , 84平米 , 南 , 精装 , 18层  ,不详, 板塔结合,0人关注 / 1个月以前发布,200,"23,810元/平"
户型方正，朝南，景观美可看海，带入户花园，全屋定制,恒大外滩 -海口湾,3室2厅 | 108.46平米 | 南 | 精装 | 中楼层(共42层)  | 板塔结合,3室2厅 , 108.46平米 , 南 , 精装 , 中楼层(共42层)  ,不详, 板塔结合,22人关注 / 一年前发布,249,"22,958元/平"
西海岸 东汇西海岸急售三房 急售,东汇西海岸 -远大,3室2厅 | 97平米 | 南 | 精装 | 17层  | 板塔结合,3室2厅 , 97平米 , 南 , 精装 , 17层  ,不详, 板塔结合,0人关注 / 1个月以前发布,165,"17,011元/平"
世贸片区 正规一房一厅 小区配套全 看房方便随时可签,世贸兰庭 -世贸,1室1厅 | 49.38平米 | 东北 | 简装 | 中楼层(共21层)  | 板塔结合,1室1厅 , 49.38平米 , 东北 , 简装 , 中楼层(共21层)  ,不详, 板塔结合,14人关注 / 4个月以前发布,92,"18,632元/平"
满五唯一，朝小区，安静，家具家电齐全拎包入住,正大豪庭 -龙昆南,1室1厅 | 44.72平米 | 东南 | 精装 | 中楼层(共24层)  | 板塔结合,1室1厅 , 44.72平米 , 东南 , 精装 , 中楼层(共24层)  ,不详, 板塔结合,8人关注 / 10个月以前发布,88,"19,678元/平"
龙昆南路  龙昆雅居101平  148万  电梯无抵押贷款好房,龙昆雅居 -龙昆南,3室2厅 | 101平米 | 南 | 精装 | 17层  | 板楼,3室2厅 , 101平米 , 南 , 精装 , 17层  ,不详, 板楼,0人关注 / 15天以前发布,145,"14,357元/平"
毛坯复式，楼层好，采光好，业主诚心卖，随时交易,华盛国际公寓 -远大,3室1厅 | 79.7平米 | 南 | 毛坯 | 高楼层(共15层)  | 板塔结合,3室1厅 , 79.7平米 , 南 , 毛坯 , 高楼层(共15层)  ,不详, 板塔结合,1人关注 / 13天以前发布,140,"17,566元/平"
海口湾南北通透大三居室 精装修拎包入住 满五税少,御景湾 -海口湾,3室2厅 | 149.39平米 | 南 北 | 精装 | 高楼层(共29层)  | 板塔结合,3室2厅 , 149.39平米 , 南 北 , 精装 , 高楼层(共29层)  ,不详, 板塔结合,1人关注 / 2个月以前发布,329,"22,023元/平"
次新小区刚需3房，精装修，邻龙湖光年，朝南户型,金濂苑 -金盘,3室1厅 | 93.01平米 | 南 | 精装 | 中楼层(共22层)  | 暂无数据,3室1厅 , 93.01平米 , 南 , 精装 , 中楼层(共22层)  ,不详, 暂无数据,0人关注 / 2个月以前发布,187,"20,106元/平"
世贸 大型小区 120+万两房 2015年全新装修,滨海电力城 -秀英,2室2厅 | 76.28平米 | 南 北 | 精装 | 中楼层(共9层)  | 板楼,2室2厅 , 76.28平米 , 南 北 , 精装 , 中楼层(共9层)  ,不详, 板楼,2人关注 / 1个月以前发布,122,"15,994元/平"
房子精装 带一个大露台   三房,广物滨江帝景1期 -滨江,3室2厅 | 110.15平米 | 南 | 精装 | 低楼层(共15层)  | 板楼,3室2厅 , 110.15平米 , 南 , 精装 , 低楼层(共15层)  ,不详, 板楼,4人关注 / 1个月以前发布,200,"18,158元/平"
万绿园 滨海公园 小户型 通风采光好 套内面积27.36平,林业大厦 -解放西,1室1厅 | 27.36平米 | 西 | 简装 | 中楼层(共14层)  | 暂无数据,1室1厅 , 27.36平米 , 西 , 简装 , 中楼层(共14层)  ,不详, 暂无数据,2人关注 / 22天以前发布,35,"12,793元/平"
江东新区，绿地城毛坯房业主急售，,海南绿地城 -江东,2室2厅 | 67.78平米 | 西北 | 毛坯 | 15层  | 板塔结合,2室2厅 , 67.78平米 , 西北 , 毛坯 , 15层  ,不详, 板塔结合,2人关注 / 2个月以前发布,96,"14,164元/平"
此房户型方正的格局。每个房间都带窗。无暗房，,翰林西苑 -万达,5室1厅 | 159平米 | 南 北 | 毛坯 | 11层  | 板楼,5室1厅 , 159平米 , 南 北 , 毛坯 , 11层  ,不详, 板楼,3人关注 / 2个月以前发布,222,"13,963元/平"
农垦 金山小区4房 大 社区配套齐全 生活交通便利,金山小区 -海垦,4室2厅 | 118平米 | 北 | 简装 | 高楼层(共9层)  | 板楼,4室2厅 , 118平米 , 北 , 简装 , 高楼层(共9层)  ,不详, 板楼,34人关注 / 8个月以前发布,99,"8,390元/平"
碧桂园花园社区，精装通透三房。,碧桂园·中央首府 -椰海大道,3室2厅 | 111平米 | 南 | 精装 | 低楼层(共26层)  | 板塔结合,3室2厅 , 111平米 , 南 , 精装 , 低楼层(共26层)  ,不详, 板塔结合,4人关注 / 2个月以前发布,210,"18,919元/平"
海甸城旁，正规一房一厅，配套齐全生活方便。,水岸星城A区 -海甸岛,1室1厅 | 47.62平米 | 南 | 简装 | 低楼层(共26层)  | 暂无数据,1室1厅 , 47.62平米 , 南 , 简装 , 低楼层(共26层)  ,不详, 暂无数据,18人关注 / 4个月以前发布,72,"15,120元/平"
海垦路 信力花苑 电梯板房 户型方正 正规3房,信力花苑 -海垦,3室2厅 | 128.8平米 | 南 北 | 简装 | 高楼层(共14层)  | 板楼,3室2厅 , 128.8平米 , 南 北 , 简装 , 高楼层(共14层)  ,不详, 板楼,75人关注 / 4个月以前发布,170,"13,199元/平"
白沙门旁，花开四季温泉 3房1厅，123万,花开四季温泉海景度假村 -海甸岛,3室1厅 | 70平米 | 东南 | 精装 | 中楼层(共18层)  | 塔楼,3室1厅 , 70平米 , 东南 , 精装 , 中楼层(共18层)  ,不详, 塔楼,54人关注 / 一年前发布,123,"17,572元/平"
小三房，户型方正，楼层佳，总价低,时代城二期 -西海岸南片区,3室2厅 | 88.05平米 | 北 | 毛坯 | 31层  | 板塔结合,3室2厅 , 88.05平米 , 北 , 毛坯 , 31层  ,不详, 板塔结合,7人关注 / 1个月以前发布,110,"12,493元/平"
海岛阳光三期 3室1厅 南,海岛阳光三期 -秀英,3室1厅 | 133.87平米 | 南 | 精装 | 中楼层(共18层)  | 板楼,3室1厅 , 133.87平米 , 南 , 精装 , 中楼层(共18层)  ,不详, 板楼,1人关注 / 3个月以前发布,188,"14,044元/平"
西海岸南片区精装两房中间楼层户型方正朝向好采光好,时代城 -西海岸南片区,2室2厅 | 86.88平米 | 南 北 | 精装 | 中楼层(共26层)  | 板塔结合,2室2厅 , 86.88平米 , 南 北 , 精装 , 中楼层(共26层)  ,不详, 板塔结合,3人关注 / 1个月以前发布,118,"13,582元/平"
满二 国兴城 两房两厅 毛坯 朝南户型 看房有钥匙,海航国兴城 -国兴,2室2厅 | 91平米 | 南 | 毛坯 | 高楼层(共28层)  | 塔楼,2室2厅 , 91平米 , 南 , 毛坯 , 高楼层(共28层)  ,不详, 塔楼,2人关注 / 4个月以前发布,215,"23,627元/平"
"秀英正规电梯2房,满五唯一,朝南户型,采光充足",万花苑 -秀英,2室2厅 | 86.32平米 | 南 北 | 其他 | 高楼层(共18层)  | 板楼,2室2厅 , 86.32平米 , 南 北 , 其他 , 高楼层(共18层)  ,不详, 板楼,1人关注 / 26天以前发布,129,"14,945元/平"
龙华区 兆南龙都 精装的房子 看房方便,兆南龙都 -龙昆南,3室2厅 | 120平米 | 南 北 | 精装 | 中楼层(共19层)  | 板塔结合,3室2厅 , 120平米 , 南 北 , 精装 , 中楼层(共19层)  ,不详, 板塔结合,0人关注 / 20天以前发布,158,"13,167元/平"
琼山凤翔路高铁东商圈精装婚房包品牌家具家电,帝和华庭 -龙昆南,3室2厅 | 116.44平米 | 南 | 其他 | 中楼层(共18层)  | 板楼,3室2厅 , 116.44平米 , 南 , 其他 , 中楼层(共18层)  ,不详, 板楼,3人关注 / 22天以前发布,209,"17,950元/平"
快点看过来，好房来袭，阳台朝南产证满二,万达·骏豪仕家 -万达,2室2厅 | 88.34平米 | 南 | 毛坯 | 32层  | 板塔结合,2室2厅 , 88.34平米 , 南 , 毛坯 , 32层  ,不详, 板塔结合,0人关注 / 25天以前发布,150,"16,980元/平"
宇建城市花园 2室2厅 东南,宇建城市花园 -国兴,2室2厅 | 84平米 | 东南 | 其他 | 低楼层(共19层)  | 板楼,2室2厅 , 84平米 , 东南 , 其他 , 低楼层(共19层)  ,不详, 板楼,1人关注 / 22天以前发布,115,"13,691元/平"
新小区 碧桂园 南北朝向 户型方正 小区管理配套好,碧桂园·中央首府 -椰海大道,3室2厅 | 96.89平米 | 南 | 精装 | 低楼层(共24层)  | 板楼,3室2厅 , 96.89平米 , 南 , 精装 , 低楼层(共24层)  ,不详, 板楼,0人关注 / 25天以前发布,184,"18,991元/平"
大型小区，甸花新村，二房二厅，75万,甸花新村 -海甸岛,2室2厅 | 66.5平米 | 南 北 | 简装 | 高楼层(共7层)  | 板楼,2室2厅 , 66.5平米 , 南 北 , 简装 , 高楼层(共7层)  ,不详, 板楼,1人关注 / 25天以前发布,75,"11,279元/平"
海甸二东路   海甸城旁  水岸星城A区 标准大三房,水岸星城A区 -海甸岛,3室2厅 | 104平米 | 北 | 其他 | 中楼层(共28层)  | 塔楼,3室2厅 , 104平米 , 北 , 其他 , 中楼层(共28层)  ,不详, 塔楼,0人关注 / 20天以前发布,136,"13,077元/平"
吾悦中海锦城 楼栋位置佳无遮挡房子很漂亮 中 央空调,中海锦城 -椰海大道,3室2厅 | 111.11平米 | 南 北 | 精装 | 27层  | 板楼,3室2厅 , 111.11平米 , 南 北 , 精装 , 27层  ,不详, 板楼,2人关注 / 21天以前发布,257,"23,131元/平"
江东新区绿地城骏园两房小户型格局方正,海南绿地城 -江东,2室2厅 | 69.52平米 | 南 | 毛坯 | 15层  | 板塔结合,2室2厅 , 69.52平米 , 南 , 毛坯 , 15层  ,不详, 板塔结合,5人关注 / 28天以前发布,98,"14,097元/平"
此房金手指高尔夫温泉小区   精装修,金手指高尔夫温泉小镇 -紫园片区,1室0厅 | 45.37平米 | 东南 | 简装 | 低楼层(共11层)  | 暂无数据,1室0厅 , 45.37平米 , 东南 , 简装 , 低楼层(共11层)  ,不详, 暂无数据,115人关注 / 一年前发布,30,"6,613元/平"
国兴蓝天路中建花园 电梯大六房 宜居家办公,中建花园 -国兴,6室2厅 | 187.88平米 | 南 | 精装 | 17层  | 板塔结合,6室2厅 , 187.88平米 , 南 , 精装 , 17层  ,不详, 板塔结合,2人关注 / 1个月以前发布,225.8,"12,019元/平"
江东新区，北师大附，近精装两房出售！,南海佳园 -江东,2室1厅 | 71.79平米 | 东北 | 其他 | 低楼层(共17层)  | 板塔结合,2室1厅 , 71.79平米 , 东北 , 其他 , 低楼层(共17层)  ,不详, 板塔结合,1人关注 / 2个月以前发布,138,"19,223元/平"
秀英大型小区福隆广场两房毛坯满五唯一,福隆广场 -秀英,2室2厅 | 88.68平米 | 东北 | 毛坯 | 中楼层(共28层)  | 暂无数据,2室2厅 , 88.68平米 , 东北 , 毛坯 , 中楼层(共28层)  ,不详, 暂无数据,1人关注 / 一年前发布,173,"19,509元/平"
顶层复式大露台满五唯一15年新装修 配套齐全 交通便利,港湾花园 -海甸岛,3室2厅 | 128.95平米 | 南 北 | 精装 | 高楼层(共19层)  | 塔楼,3室2厅 , 128.95平米 , 南 北 , 精装 , 高楼层(共19层)  ,不详, 塔楼,85人关注 / 8个月以前发布,210,"16,286元/平"
二西路  三房 两厅   满五多套，带阳台,海口市汽車配件厰住宅小区 -海甸岛,3室2厅 | 105平米 | 东南 | 精装 | 高楼层(共9层)  | 板楼,3室2厅 , 105平米 , 东南 , 精装 , 高楼层(共9层)  ,不详, 板楼,0人关注 / 1个月以前发布,99,"9,429元/平"
房子南北通透，采光好，满五，无抵押，有钥匙。,宝阳花园 -海甸岛,3室1厅 | 121平米 | 南 北 | 其他 | 高楼层(共14层)  | 板塔结合,3室1厅 , 121平米 , 南 北 , 其他 , 高楼层(共14层)  ,不详, 板塔结合,1人关注 / 1个月以前发布,170,"14,050元/平"
海景湾花园 4室1厅 南,海景湾花园 -解放西,4室1厅 | 130平米 | 南 | 简装 | 低楼层(共9层)  | 暂无数据,4室1厅 , 130平米 , 南 , 简装 , 低楼层(共9层)  ,不详, 暂无数据,3人关注 / 2个月以前发布,133,"10,231元/平"
家乐福旁，新装修，满五唯一，电梯房，可看河景,银甸花园 -海甸岛,3室2厅 | 112.06平米 | 西南 | 精装 | 中楼层(共17层)  | 板塔结合,3室2厅 , 112.06平米 , 西南 , 精装 , 中楼层(共17层)  ,不详, 板塔结合,1人关注 / 1个月以前发布,165,"14,725元/平"
海甸岛五东路福海新城，业主诚心出售,衍宏福海新城 -海甸岛,3室2厅 | 120平米 | 南 | 简装 | 高楼层(共18层)  | 板楼,3室2厅 , 120平米 , 南 , 简装 , 高楼层(共18层)  ,不详, 板楼,0人关注 / 3个月以前发布,139,"11,584元/平"
御景名城 3室2厅 南,御景名城 -海甸岛,3室2厅 | 129平米 | 南 | 其他 | 低楼层(共10层)  | 板楼,3室2厅 , 129平米 , 南 , 其他 , 低楼层(共10层)  ,不详, 板楼,3人关注 / 1个月以前发布,200,"15,504元/平"
2+1房，满五唯一，朝南，大阳台,绿地海长流 -远大,2室2厅 | 94.38平米 | 南 | 毛坯 | 22层  | 板塔结合,2室2厅 , 94.38平米 , 南 , 毛坯 , 22层  ,不详, 板塔结合,9人关注 / 4个月以前发布,155,"16,423元/平"
府城 滨江路 品质小区  滨江帝景二期 四房 户型方正,广物滨江帝景Ⅱ期 -滨江,4室2厅 | 139.01平米 | 东南 | 精装 | 17层  | 板塔结合,4室2厅 , 139.01平米 , 东南 , 精装 , 17层  ,不详, 板塔结合,2人关注 / 8个月以前发布,275,"19,783元/平"
白龙北 板桥路 方圆花苑 小三房,方圆花苑 -白龙,3室1厅 | 68.37平米 | 南 | 其他 | 8层  | 板楼,3室1厅 , 68.37平米 , 南 , 其他 , 8层  ,不详, 板楼,2人关注 / 1个月以前发布,89,"13,018元/平"
滨海大道次新小区海悦东方精装3房户型方正得房率高,海悦东方 -秀英,3室2厅 | 104.15平米 | 南 北 | 精装 | 中楼层(共32层)  | 塔楼,3室2厅 , 104.15平米 , 南 北 , 精装 , 中楼层(共32层)  ,不详, 塔楼,3人关注 / 1个月以前发布,205,"19,684元/平"
中山南路精装三房，满五唯一低税费！,绿岛小区（绿岛新居） -凤翔,3室2厅 | 102.72平米 | 南 北 | 其他 | 15层  | 板楼,3室2厅 , 102.72平米 , 南 北 , 其他 , 15层  ,不详, 板楼,150人关注 / 一年前发布,135,"13,143元/平"
满五唯一芳草园小区大开间精装修业主诚心卖,芳草园小区 -明珠,1室0厅 | 35.99平米 | 东 | 精装 | 高楼层(共9层)  | 板楼,1室0厅 , 35.99平米 , 东 , 精装 , 高楼层(共9层)  ,不详, 板楼,0人关注 / 7天以前发布,35,"9,725元/平"
万达商圈 2017次新小区万达俊豪仕家  3房精装,万达·骏豪仕家 -万达,3室2厅 | 110.71平米 | 南 北 | 其他 | 32层  | 板塔结合,3室2厅 , 110.71平米 , 南 北 , 其他 , 32层  ,不详, 板塔结合,0人关注 / 15天以前发布,191,"17,253元/平"
龙昆南  大润发后面 标准两房两厅,万春公寓 -金盘,2室2厅 | 63.35平米 | 南 | 简装 | 高楼层(共9层)  | 暂无数据,2室2厅 , 63.35平米 , 南 , 简装 , 高楼层(共9层)  ,不详, 暂无数据,0人关注 / 10天以前发布,60,"9,472元/平"
万达大型社区正规三房，业主诚心出售,万达·骏豪仕家 -万达,3室2厅 | 107.4平米 | 南 北 | 精装 | 33层  | 板塔结合,3室2厅 , 107.4平米 , 南 北 , 精装 , 33层  ,不详, 板塔结合,18人关注 / 一年前发布,178.8,"16,649元/平"
龙湖光年旁 2017年小区 南北对流 满五唯一 税少,花漾年 -金盘,3室2厅 | 78.33平米 | 北 | 其他 | 低楼层(共26层)  | 板楼,3室2厅 , 78.33平米 , 北 , 其他 , 低楼层(共26层)  ,不详, 板楼,3人关注 / 1个月以前发布,165,"21,065元/平"
龙湖光年旁 2017年小区 南北对流 满五唯一 税少,花漾年 -金盘,3室2厅 | 78.33平米 | 北 | 其他 | 低楼层(共26层)  | 板楼,3室2厅 , 78.33平米 , 北 , 其他 , 低楼层(共26层)  ,不详, 板楼,3人关注 / 1个月以前发布,165,"21,065元/平"
棒！海口湾 精装两房 带泳池拎包入住 好楼层 视野开阔,金域湾畔 -海口湾,2室2厅 | 76.58平米 | 北 | 精装 | 30层  | 板塔结合,2室2厅 , 76.58平米 , 北 , 精装 , 30层  ,不详, 板塔结合,11人关注 / 8个月以前发布,137.9,"18,008元/平"
保利中央海岸可以看海大三房不临街不临路,保利中央海岸 -海口湾,3室2厅 | 123.39平米 | 南 北 | 毛坯 | 23层  | 板楼,3室2厅 , 123.39平米 , 南 北 , 毛坯 , 23层  ,不详, 板楼,13人关注 / 8个月以前发布,309,"25,043元/平"
17年小区 碧桂园滨海国际 带沙滩泳池  物业管,碧桂园·滨海国际 -新埠岛,2室2厅 | 76.53平米 | 南 | 其他 | 18层  | 板塔结合,2室2厅 , 76.53平米 , 南 , 其他 , 18层  ,不详, 板塔结合,11人关注 / 7个月以前发布,160,"20,907元/平"
远大广场 海长流精装2房 可修3 高层视野灰常好,绿地海长流 -远大,3室2厅 | 88.78平米 | 南 北 | 其他 | 22层  | 板塔结合,3室2厅 , 88.78平米 , 南 北 , 其他 , 22层  ,不详, 板塔结合,6人关注 / 3个月以前发布,160,"18,023元/平"
凤翔湿地公园美舍河旁品质小区中豪花园精装电梯3+1房,中豪花园 -府城,3室2厅 | 123.28平米 | 南 北 | 精装 | 11层  | 板塔结合,3室2厅 , 123.28平米 , 南 北 , 精装 , 11层  ,不详, 板塔结合,12人关注 / 5个月以前发布,179,"14,520元/平"
国兴商圈 2017年盛贤景都 朝南 90平三房一卫 南北朝向,盛贤景都 -国兴,3室2厅 | 90.14平米 | 南 北 | 简装 | 中楼层(共31层)  | 暂无数据,3室2厅 , 90.14平米 , 南 北 , 简装 , 中楼层(共31层)  ,不详, 暂无数据,1人关注 / 3个月以前发布,175,"19,415元/平"
时代城二期毛坯小三房 朝南户型业主急售,时代城二期 -西海岸南片区,3室2厅 | 90.11平米 | 南 | 毛坯 | 中楼层(共32层)  | 板塔结合,3室2厅 , 90.11平米 , 南 , 毛坯 , 中楼层(共32层)  ,不详, 板塔结合,18人关注 / 3个月以前发布,127,"14,094元/平"
时代城二期此房全小区价格优先，中间楼层，户型方正,时代城二期 -西海岸南片区,3室2厅 | 91.39平米 | 北 | 其他 | 中楼层(共32层)  | 板塔结合,3室2厅 , 91.39平米 , 北 , 其他 , 中楼层(共32层)  ,不详, 板塔结合,2人关注 / 1个月以前发布,120,"13,131元/平"
时代城一期精装两房高楼层拎包入住满二税少,时代城 -西海岸南片区,2室2厅 | 80.99平米 | 北 | 精装 | 高楼层(共27层)  | 塔楼,2室2厅 , 80.99平米 , 北 , 精装 , 高楼层(共27层)  ,不详, 塔楼,1人关注 / 1个月以前发布,120,"14,817元/平"
市政府旁，华盛国际公寓小两房业主诚心出售,华盛国际公寓 -远大,2室1厅 | 61.76平米 | 东 | 其他 | 低楼层(共35层)  | 板塔结合,2室1厅 , 61.76平米 , 东 , 其他 , 低楼层(共35层)  ,不详, 板塔结合,0人关注 / 1个月以前发布,110,"17,811元/平"
海甸三东路 正规两房 满五唯一 总价低 税费少 公摊小,海雁小区 -海甸岛,2室2厅 | 76.22平米 | 南 北 | 其他 | 低楼层(共6层)  | 板楼,2室2厅 , 76.22平米 , 南 北 , 其他 , 低楼层(共6层)  ,不详, 板楼,25人关注 / 5个月以前发布,88,"11,546元/平"
海垦路 金山小区 2房2厅 满五唯一 税少,金山小区 -海垦,2室2厅 | 66.08平米 | 南 | 其他 | 低楼层(共9层)  | 板楼,2室2厅 , 66.08平米 , 南 , 其他 , 低楼层(共9层)  ,不详, 板楼,0人关注 / 1个月以前发布,96,"14,528元/平"
时代城一期毛坯两房高楼层 业主诚心出售满五唯一,时代城 -西海岸南片区,2室2厅 | 86.88平米 | 北 | 毛坯 | 高楼层(共26层)  | 板塔结合,2室2厅 , 86.88平米 , 北 , 毛坯 , 高楼层(共26层)  ,不详, 板塔结合,5人关注 / 2个月以前发布,110,"12,662元/平"
小户型 三房 全明户型 总价低,水岸听涛 -海甸岛,3室2厅 | 72平米 | 南 | 其他 | 高楼层(共26层)  | 板楼,3室2厅 , 72平米 , 南 , 其他 , 高楼层(共26层)  ,不详, 板楼,8人关注 / 1个月以前发布,115,"15,973元/平"
恒大美丽沙 天澜湾101平三房 看房来电,海口恒大美丽沙 -海甸岛,3室2厅 | 101.21平米 | 西南 | 简装 | 12层  | 板楼,3室2厅 , 101.21平米 , 西南 , 简装 , 12层  ,不详, 板楼,9人关注 / 2个月以前发布,221,"21,836元/平"
五指山路单位房配套好三房格局业主诚心出售,省旅游局宿舍 -明珠,3室2厅 | 77.76平米 | 南 | 精装 | 高楼层(共8层)  | 暂无数据,3室2厅 , 77.76平米 , 南 , 精装 , 高楼层(共8层)  ,不详, 暂无数据,12人关注 / 2个月以前发布,80,"10,289元/平"
海虹花园 3室2厅 南 北,海虹花园 -海口湾,3室2厅 | 90平米 | 南 北 | 其他 | 高楼层(共9层)  | 板塔结合,3室2厅 , 90平米 , 南 北 , 其他 , 高楼层(共9层)  ,不详, 板塔结合,2人关注 / 2个月以前发布,141,"15,667元/平"
满五，滨江次新小区，椰博，江景房,滨江度假城 -滨江,2室1厅 | 92.21平米 | 北 | 简装 | 17层  | 板塔结合,2室1厅 , 92.21平米 , 北 , 简装 , 17层  ,不详, 板塔结合,5人关注 / 5个月以前发布,145,"15,725元/平"
锦地翰城二期B区房 中楼层 视野采光很好 随时看房,锦地翰城 -万达,3室2厅 | 101.33平米 | 南 | 精装 | 高楼层(共26层)  | 暂无数据,3室2厅 , 101.33平米 , 南 , 精装 , 高楼层(共26层)  ,不详, 暂无数据,0人关注 / 2个月以前发布,200,"19,738元/平"
刚需过渡适用，总价低，楼层六楼,白沙门下村88号 -海甸岛,2室1厅 | 52.27平米 | 南 | 其他 | 高楼层(共7层)  | 暂无数据,2室1厅 , 52.27平米 , 南 , 其他 , 高楼层(共7层)  ,不详, 暂无数据,3人关注 / 2个月以前发布,55,"10,523元/平"
吾悦广场 山高旁 单位小区 满五少税 电梯三房有小区,省高院法官公寓 -龙昆南,3室2厅 | 87.01平米 | 东 西 | 简装 | 24层  | 板塔结合,3室2厅 , 87.01平米 , 东 西 , 简装 , 24层  ,不详, 板塔结合,20人关注 / 11个月以前发布,125,"14,367元/平"
海口观澜湖融创公园壹号高尔夫景观两房,融创•观澜湖公园壹号 -观澜湖,2室2厅 | 64.33平米 | 东南 | 精装 | 21层  | 板楼,2室2厅 , 64.33平米 , 东南 , 精装 , 21层  ,不详, 板楼,7人关注 / 1个月以前发布,118,"18,343元/平"
2017年小区 毛坯三房 朝南户型  采光视野好,海鑫城 -万达,3室2厅 | 99.31平米 | 南 | 其他 | 高楼层(共25层)  | 板塔结合,3室2厅 , 99.31平米 , 南 , 其他 , 高楼层(共25层)  ,不详, 板塔结合,3人关注 / 4个月以前发布,166,"16,716元/平"
时代城一期大三房精装修 业主诚心出售,时代城 -西海岸南片区,3室2厅 | 113.35平米 | 北 | 精装 | 高楼层(共27层)  | 塔楼,3室2厅 , 113.35平米 , 北 , 精装 , 高楼层(共27层)  ,不详, 塔楼,24人关注 / 6个月以前发布,159.5,"14,072元/平"
南宝路华林广场花园小区 3房2卫105万,华林广场 -明珠,3室2厅 | 36.19平米 | 西南 东北 | 精装 | 17层  | 板塔结合,3室2厅 , 36.19平米 , 西南 东北 , 精装 , 17层  ,不详, 板塔结合,0人关注 / 2个月以前发布,103,"28,461元/平"
次新小区  房子满二   精装   拎包入住,万达·骏豪仕家 -万达,3室2厅 | 108.07平米 | 南 | 精装 | 32层  | 板塔结合,3室2厅 , 108.07平米 , 南 , 精装 , 32层  ,不详, 板塔结合,5人关注 / 1个月以前发布,195,"18,044元/平"
美兰区滨江路白龙街道滨江新苑A区,滨江新苑A区 -白龙,2室2厅 | 70.91平米 | 东北 | 简装 | 高楼层(共30层)  | 板楼,2室2厅 , 70.91平米 , 东北 , 简装 , 高楼层(共30层)  ,不详, 板楼,18人关注 / 3个月以前发布,119.8,"16,895元/平"
绿地文化城二期高层小三房精装修业主急售,绿地文化城 -西海岸南片区,3室2厅 | 89.86平米 | 南 | 精装 | 高楼层(共26层)  | 板塔结合,3室2厅 , 89.86平米 , 南 , 精装 , 高楼层(共26层)  ,不详, 板塔结合,10人关注 / 1个月以前发布,135,"15,024元/平"
龙湖光年旁南海分校亚洲豪苑南区精装4房高层金盘少税,亚洲豪苑南区 -金盘,4室2厅 | 121.68平米 | 东 南 | 精装 | 18层  | 板塔结合,4室2厅 , 121.68平米 , 东 南 , 精装 , 18层  ,不详, 板塔结合,1人关注 / 2个月以前发布,183,"15,040元/平"
万达广场旁小区，交通方便，小区次新,万花坊金城雅舍 -万达,3室1厅 | 81平米 | 南 | 精装 | 26层  | 板塔结合,3室1厅 , 81平米 , 南 , 精装 , 26层  ,不详, 板塔结合,7人关注 / 2个月以前发布,135,"16,667元/平"
翰林西苑 3室2厅 南,翰林西苑 -万达,3室2厅 | 94平米 | 南 | 精装 | 11层  | 板楼,3室2厅 , 94平米 , 南 , 精装 , 11层  ,不详, 板楼,4人关注 / 2个月以前发布,158,"16,809元/平"
金外滩花园 正规一房一厅 花园小区,金外滩花园 -海口湾,1室1厅 | 43.59平米 | 西南 | 简装 | 低楼层(共12层)  | 板楼,1室1厅 , 43.59平米 , 西南 , 简装 , 低楼层(共12层)  ,不详, 板楼,1人关注 / 1个月以前发布,92,"21,106元/平"
国兴美兰区公安局分局 精致2房 满五,群贤路42号 -白龙,2室2厅 | 65.85平米 | 北 | 简装 | 低楼层(共9层)  | 暂无数据,2室2厅 , 65.85平米 , 北 , 简装 , 低楼层(共9层)  ,不详, 暂无数据,9人关注 / 一年前发布,90,"13,668元/平"
无遮挡，视野开阔，户型方正，采光好。,中天海景 -世贸,2室2厅 | 41.79平米 | 东南 南 | 精装 | 低楼层(共19层)  | 板塔结合,2室2厅 , 41.79平米 , 东南 南 , 精装 , 低楼层(共19层)  ,不详, 板塔结合,0人关注 / 1个月以前发布,75,"17,947元/平"
房东诚心出售，全新家电家具，复式两房两厅两卫,保利中央海岸 -海口湾,2室2厅 | 52.57平米 | 东 | 精装 | 18层  | 塔楼,2室2厅 , 52.57平米 , 东 , 精装 , 18层  ,不详, 塔楼,2人关注 / 2个月以前发布,106,"20,164元/平"
江东新区 绿地城 次新小区业主诚心出售家电家具打包,海南绿地城 -江东,2室2厅 | 65.08平米 | 东北 | 精装 | 15层  | 板塔结合,2室2厅 , 65.08平米 , 东北 , 精装 , 15层  ,不详, 板塔结合,0人关注 / 3个月以前发布,112,"17,210元/平"
国兴，龙昆南商圈，正规一房一厅,玉龙湾 -国兴,1室1厅 | 59.44平米 | 南 北 | 简装 | 23层  | 板塔结合,1室1厅 , 59.44平米 , 南 北 , 简装 , 23层  ,不详, 板塔结合,0人关注 / 2个月以前发布,115,"19,348元/平"
金盘商圈 热闹区 生活便利 小户型 正规一房2厅,沁雅家园 -金盘,1室2厅 | 50.54平米 | 南 | 简装 | 中楼层(共9层)  | 板塔结合,1室2厅 , 50.54平米 , 南 , 简装 , 中楼层(共9层)  ,不详, 板塔结合,26人关注 / 7个月以前发布,87,"17,215元/平"
海域阳光 正规一房 满二 精装修 家具家电齐全,海域阳光 -远大,1室1厅 | 66平米 | 南 | 简装 | 高楼层(共32层)  | 板塔结合,1室1厅 , 66平米 , 南 , 简装 , 高楼层(共32层)  ,不详, 板塔结合,2人关注 / 1个月以前发布,123,"18,637元/平"
中海汇德里旁 16年小区宝顺豪苑 毛坯可弄小两房 满二,宝顺豪苑 -金盘,1室1厅 | 58.16平米 | 南 东南 | 精装 | 高楼层(共18层)  | 板塔结合,1室1厅 , 58.16平米 , 南 东南 , 精装 , 高楼层(共18层)  ,不详, 板塔结合,0人关注 / 1个月以前发布,123,"21,149元/平"
正规一室两厅，朝南户，采光好，高层，亲海阳光房,天地凤凰城 -远大,1室2厅 | 61平米 | 南 | 精装 | 中楼层(共27层)  | 板塔结合,1室2厅 , 61平米 , 南 , 精装 , 中楼层(共27层)  ,不详, 板塔结合,1人关注 / 1个月以前发布,97,"15,902元/平"
江东新区精装三房阳台朝西远处看江，交通便利配套齐全,海南绿地城 -江东,3室2厅 | 103.26平米 | 西 | 精装 | 13层  | 板楼,3室2厅 , 103.26平米 , 西 , 精装 , 13层  ,不详, 板楼,6人关注 / 1个月以前发布,137,"13,268元/平"
单位电梯房 满五多套 房子格局通透,电信住宅小区 -海垦,3室2厅 | 118.84平米 | 南 北 | 精装 | 高楼层(共9层)  | 板塔结合,3室2厅 , 118.84平米 , 南 北 , 精装 , 高楼层(共9层)  ,不详, 板塔结合,0人关注 / 5天以前发布,168,"14,137元/平"
西海岸五源河旁 鲁能美高梅毛坯两房 产证满二,鲁能·钓鱼台·美高梅 -远大,2室1厅 | 75.75平米 | 南 | 毛坯 | 20层  | 板塔结合,2室1厅 , 75.75平米 , 南 , 毛坯 , 20层  ,不详, 板塔结合,1人关注 / 31天以前发布,159,"20,991元/平"
满五唯一税费低，精装 修，楼梯房,玉龙公寓 -龙昆南,3室2厅 | 112平米 | 东南 | 简装 | 16层  | 塔楼,3室2厅 , 112平米 , 东南 , 简装 , 16层  ,不详, 塔楼,1人关注 / 1个月以前发布,150,"13,393元/平"
伊甸家园正规两房朝东南户型中间楼层,伊甸家园 -海甸岛,2室2厅 | 91平米 | 东南 | 精装 | 低楼层(共16层)  | 板塔结合,2室2厅 , 91平米 , 东南 , 精装 , 低楼层(共16层)  ,不详, 板塔结合,0人关注 / 3个月以前发布,163,"17,913元/平"
海南绿地城3-2-1-2 116.00m² 168 万,海南绿地城 -江东,3室2厅 | 116平米 | 南 | 毛坯 | 14层  | 板楼,3室2厅 , 116平米 , 南 , 毛坯 , 14层  ,不详, 板楼,0人关注 / 1个月以前发布,137,"11,811元/平"
海口市南沙路 3房2厅 明珠星苑 昌茂澳洲园旁,明珠星苑 -龙昆南,3室2厅 | 95.88平米 | 南 | 简装 | 中楼层(共10层)  | 板塔结合,3室2厅 , 95.88平米 , 南 , 简装 , 中楼层(共10层)  ,不详, 板塔结合,3人关注 / 3个月以前发布,158,"16,479元/平"
好房不贵，花园泳池小区，一梯两户，南北通透,昌茂牡丹园 -龙昆南,3室2厅 | 123.96平米 | 南 北 | 毛坯 | 8层  | 板楼,3室2厅 , 123.96平米 , 南 北 , 毛坯 , 8层  ,不详, 板楼,9人关注 / 2个月以前发布,140,"11,294元/平"
国兴大道 国瑞城名仕苑 交通便利 配套齐全,国瑞城·名仕苑 -国兴,4室2厅 | 166平米 | 南 北 | 简装 | 高楼层(共23层)  | 板楼,4室2厅 , 166平米 , 南 北 , 简装 , 高楼层(共23层)  ,不详, 板楼,1人关注 / 31天以前发布,430,"25,904元/平"
三房满五多套，税费低，高楼层，视野好,吉宝佳园 -金盘,3室2厅 | 134.18平米 | 南 | 精装 | 高楼层(共12层)  | 板塔结合,3室2厅 , 134.18平米 , 南 , 精装 , 高楼层(共12层)  ,不详, 板塔结合,2人关注 / 8个月以前发布,210,"15,651元/平"
江东新区 倚能美林湾 交通便利 配套齐全,倚能美林湾 -江东,2室2厅 | 75.64平米 | 西北 | 毛坯 | 12层  | 板楼,2室2厅 , 75.64平米 , 西北 , 毛坯 , 12层  ,不详, 板楼,0人关注 / 1个月以前发布,135,"17,848元/平"
红城湖边 国兴2020年南北对流三房,国和苑 -国兴,3室2厅 | 108.7平米 | 东南 | 精装 | 22层  | 板楼,3室2厅 , 108.7平米 , 东南 , 精装 , 22层  ,不详, 板楼,2人关注 / 1个月以前发布,199,"18,308元/平"
龙昆北地段好，楼层好，盛海大厦 住宅楼,盛海大厦 -解放西,2室2厅 | 87平米 | 东 南 | 精装 | 高楼层(共19层)  | 塔楼,2室2厅 , 87平米 , 东 南 , 精装 , 高楼层(共19层)  ,不详, 塔楼,1人关注 / 7个月以前发布,133,"15,288元/平"
国兴商圈 2017年小区盛贤景都 朝南 两房带飘窗,盛贤景都 -国兴,2室2厅 | 68.28平米 | 南 | 简装 | 低楼层(共31层)  | 塔楼,2室2厅 , 68.28平米 , 南 , 简装 , 低楼层(共31层)  ,不详, 塔楼,1人关注 / 1个月以前发布,127,"18,600元/平"
满五唯一 两房两厅 户型方正 精装修 看房有钥匙方便,夏瑶花苑 -国兴,2室2厅 | 89.54平米 | 南 | 精装 | 25层  | 板塔结合,2室2厅 , 89.54平米 , 南 , 精装 , 25层  ,不详, 板塔结合,0人关注 / 2个月以前发布,145,"16,194元/平"
滨江路 大型小区 配套齐全 中高楼层 视野开阔 近椰博,滨江绿都 -滨江,3室2厅 | 119.92平米 | 南 北 | 其他 | 29层  | 板塔结合,3室2厅 , 119.92平米 , 南 北 , 其他 , 29层  ,不详, 板塔结合,0人关注 / 22天以前发布,225,"18,763元/平"
海秀中路大型绿化小区大两房，满五唯一，看房方便,顺发新村 -海垦,2室1厅 | 77平米 | 南 | 精装 | 中楼层(共8层)  | 板楼,2室1厅 , 77平米 , 南 , 精装 , 中楼层(共8层)  ,不详, 板楼,2人关注 / 18天以前发布,99.8,"12,962元/平"
秀英区 万达商圈2017年小区 精装正规三房 住宅急售,万花坊金城雅舍 -万达,3室2厅 | 80.47平米 | 南 | 精装 | 26层  | 板塔结合,3室2厅 , 80.47平米 , 南 , 精装 , 26层  ,不详, 板塔结合,1人关注 / 19天以前发布,132,"16,404元/平"
